#
# There is insufficient memory for the Java Runtime Environment to continue.
# Native memory allocation (malloc) failed to allocate 3688280 bytes. Error detail: Chunk::new
# Possible reasons:
#   The system is out of physical RAM or swap space
#   This process is running with CompressedOops enabled, and the Java Heap may be blocking the growth of the native heap
# Possible solutions:
#   Reduce memory load on the system
#   Increase physical memory or swap space
#   Check if swap backing store is full
#   Decrease Java heap size (-Xmx/-Xms)
#   Decrease number of Java threads
#   Decrease Java thread stack sizes (-Xss)
#   Set larger code cache with -XX:ReservedCodeCacheSize=
#   JVM is running with Unscaled Compressed Oops mode in which the Java heap is
#     placed in the first 4GB address space. The Java Heap base address is the
#     maximum limit for the native heap growth. Please use -XX:HeapBaseMinAddress
#     to set the Java Heap base and to place the Java Heap above 4GB virtual address.
# This output file may be truncated or incomplete.
#
#  Out of Memory Error (arena.cpp:186), pid=17876, tid=10492
#
# JRE version: OpenJDK Runtime Environment (25.0.2) (build 25.0.2+-15348964-b329.117)
# Java VM: OpenJDK 64-Bit Server VM (25.0.2+-15348964-b329.117, mixed mode, tiered, compressed oops, compressed class ptrs, g1 gc, windows-amd64)
# No core dump will be written. Minidumps are not enabled by default on client versions of Windows
#

---------------  S U M M A R Y ------------

Command Line: --add-opens=java.base/java.lang=ALL-UNNAMED --add-opens=java.base/java.lang.invoke=ALL-UNNAMED --add-opens=java.base/java.util=ALL-UNNAMED --add-opens=java.prefs/java.util.prefs=ALL-UNNAMED --add-exports=jdk.compiler/com.sun.tools.javac.api=ALL-UNNAMED --add-exports=jdk.compiler/com.sun.tools.javac.util=ALL-UNNAMED --add-opens=java.base/java.nio.charset=ALL-UNNAMED --add-opens=java.base/java.net=ALL-UNNAMED --add-opens=java.base/java.util.concurrent=ALL-UNNAMED --add-opens=java.base/java.util.concurrent.atomic=ALL-UNNAMED --add-opens=java.xml/javax.xml.namespace=ALL-UNNAMED --add-opens=java.base/java.time=ALL-UNNAMED --enable-native-access=ALL-UNNAMED -Xmx2048m -Dfile.encoding=UTF-8 -Duser.country=BR -Duser.language=pt -Duser.variant -javaagent:C:\Users\Aluno\.gradle\wrapper\dists\gradle-9.7.1-bin\1w1c7tv4s851m17nbqdsro2tv\gradle-9.7.1\lib\agents\gradle-instrumentation-agent-9.7.1.jar org.gradle.launcher.daemon.bootstrap.GradleDaemon 9.7.1

Host: 13th Gen Intel(R) Core(TM) i5-1345U, 12 cores, 15G,  Windows 11 , 64 bit Build 26100 (10.0.26100.8521)
Time: Mon Aug 31 19:58:42 2026 Hora oficial do Brasil elapsed time: 199.364128 seconds (0d 0h 3m 19s)

---------------  T H R E A D  ---------------

Current thread (0x0000022222872c00):  JavaThread "C2 CompilerThread1" daemon [_thread_in_native, id=10492, stack(0x0000008724b00000,0x0000008724c00000) (1024K)]


Current CompileTask:
C2:199364 27864       4       org.codehaus.groovy.runtime.metaclass.MetaMethodIndex::copyNonPrivateMethods (149 bytes)

Stack: [0x0000008724b00000,0x0000008724c00000]
Native frames: (J=compiled Java code, j=interpreted, Vv=VM code, C=native code)
V  [jvm.dll+0x7bd439]  (no source info available)
V  [jvm.dll+0x78763d]  (no source info available)
V  [jvm.dll+0xa0c885]  (no source info available)
V  [jvm.dll+0xa0ef04]  (no source info available)
V  [jvm.dll+0xa0f603]  (no source info available)
V  [jvm.dll+0x309bf6]  (no source info available)
V  [jvm.dll+0x10ea69]  (no source info available)
V  [jvm.dll+0x10ed92]  (no source info available)
V  [jvm.dll+0x1a9837]  (no source info available)
V  [jvm.dll+0x3bec92]  (no source info available)
V  [jvm.dll+0x7c2cb7]  (no source info available)
V  [jvm.dll+0x2ce046]  (no source info available)
V  [jvm.dll+0x2cd221]  (no source info available)
V  [jvm.dll+0x242ffa]  (no source info available)
V  [jvm.dll+0x2dcc05]  (no source info available)
V  [jvm.dll+0x2dae06]  (no source info available)
V  [jvm.dll+0x49b59e]  (no source info available)
V  [jvm.dll+0x9ab9c8]  (no source info available)
V  [jvm.dll+0x7bb985]  (no source info available)
C  [ucrtbase.dll+0x2cd30]  (no source info available)
C  [KERNEL32.DLL+0x2e957]  (no source info available)
C  [ntdll.dll+0x87c1c]  (no source info available)

Lock stack of current Java thread (top to bottom):


---------------  P R O C E S S  ---------------

Threads class SMR info:
_java_thread_list=0x000002222bf28370, length=77, elements={
0x000002227bb01690, 0x000002227fa69490, 0x000002227fa6c670, 0x000002227fa6d380,
0x0000022216452090, 0x0000022216452c50, 0x0000022216453810, 0x00000222164543d0,
0x000002221645b930, 0x000002221646a380, 0x000002221b023400, 0x000002221db8dba0,
0x000002221c479060, 0x000002221c342d20, 0x000002221d881e70, 0x000002221d24bc10,
0x000002221d525fd0, 0x000002221d5230f0, 0x000002221d528eb0, 0x000002221d527740,
0x000002221d5286e0, 0x000002221df17e60, 0x000002221df17690, 0x000002221df1b510,
0x000002221df1cc80, 0x000002221df1bce0, 0x000002221df1e3f0, 0x000002221eee6970,
0x000002221eee61a0, 0x000002221eee7140, 0x000002221eeea020, 0x000002221eeeb790,
0x000002221ee373b0, 0x000002221ee3aa60, 0x000002221ee3d170, 0x000002221ee37b80,
0x000002221ee3d940, 0x000002221f565130, 0x000002221f567070, 0x000002221f565900,
0x000002221f569f50, 0x000002221f56aef0, 0x000002221f56c660, 0x000002221f56be90,
0x0000022220ad7160, 0x0000022220ad6990, 0x0000022220ad5220, 0x0000022220899920,
0x000002222089c030, 0x00000222208981b0, 0x000002222089a8c0, 0x0000022220898980,
0x000002222089e740, 0x000002221df1a570, 0x000002221f8bc0f0, 0x00000222200f1640,
0x00000222200f5c90, 0x00000222200f4520, 0x000002221f8ba980, 0x00000222208979e0,
0x0000022223351bb0, 0x00000222233598b0, 0x00000222233590e0, 0x00000222233571a0,
0x000002222335d730, 0x000002222335df00, 0x000002222335b020, 0x000002222335b7f0,
0x0000022220e904e0, 0x000002222d9ba7d0, 0x000002222d9ba000, 0x000002222d9bc710,
0x000002222d9bafa0, 0x000002222d9bfdc0, 0x0000022222872c00, 0x000002221fad7ff0,
0x0000022222876c80
}

Java Threads: ( => current thread )
  0x000002227bb01690 JavaThread "main"                              [_thread_blocked, id=18144, stack(0x000000871ee00000,0x000000871ef00000) (1024K)]
  0x000002227fa69490 JavaThread "Common-Cleaner"             daemon [_thread_blocked, id=4052, stack(0x000000871f600000,0x000000871f700000) (1024K)]
  0x000002227fa6c670 JavaThread "Reference Handler"          daemon [_thread_blocked, id=17812, stack(0x000000871f700000,0x000000871f800000) (1024K)]
  0x000002227fa6d380 JavaThread "Finalizer"                  daemon [_thread_blocked, id=11020, stack(0x000000871f800000,0x000000871f900000) (1024K)]
  0x0000022216452090 JavaThread "Signal Dispatcher"          daemon [_thread_blocked, id=11620, stack(0x000000871f900000,0x000000871fa00000) (1024K)]
  0x0000022216452c50 JavaThread "Attach Listener"            daemon [_thread_blocked, id=12248, stack(0x000000871fa00000,0x000000871fb00000) (1024K)]
  0x0000022216453810 JavaThread "Service Thread"             daemon [_thread_blocked, id=4652, stack(0x000000871fb00000,0x000000871fc00000) (1024K)]
  0x00000222164543d0 JavaThread "Monitor Deflation Thread"   daemon [_thread_blocked, id=14180, stack(0x000000871fc00000,0x000000871fd00000) (1024K)]
  0x000002221645b930 JavaThread "C2 CompilerThread0"         daemon [_thread_in_native, id=15960, stack(0x000000871fd00000,0x000000871fe00000) (1024K)]
  0x000002221646a380 JavaThread "C1 CompilerThread0"         daemon [_thread_blocked, id=13536, stack(0x000000871fe00000,0x000000871ff00000) (1024K)]
  0x000002221b023400 JavaThread "Notification Thread"        daemon [_thread_blocked, id=17864, stack(0x000000871ff00000,0x0000008720000000) (1024K)]
  0x000002221db8dba0 JavaThread "Daemon health stats"               [_thread_blocked, id=6392, stack(0x0000008720600000,0x0000008720700000) (1024K)]
  0x000002221c479060 JavaThread "Incoming local TCP Connector on port 55097"        [_thread_in_native, id=18080, stack(0x0000008720000000,0x0000008720100000) (1024K)]
  0x000002221c342d20 JavaThread "Daemon periodic checks"            [_thread_blocked, id=15476, stack(0x0000008720700000,0x0000008720800000) (1024K)]
  0x000002221d881e70 JavaThread "Daemon"                            [_thread_blocked, id=9888, stack(0x0000008720f00000,0x0000008721000000) (1024K)]
  0x000002221d24bc10 JavaThread "Handler for socket connection from /127.0.0.1:55097 to /127.0.0.1:55098"        [_thread_in_native, id=10260, stack(0x0000008721000000,0x0000008721100000) (1024K)]
  0x000002221d525fd0 JavaThread "Cancel handler"                    [_thread_blocked, id=1512, stack(0x0000008720e00000,0x0000008720f00000) (1024K)]
  0x000002221d5230f0 JavaThread "Daemon worker"                     [_thread_blocked, id=2576, stack(0x0000008721100000,0x0000008721200000) (1024K)]
  0x000002221d528eb0 JavaThread "Asynchronous log dispatcher for DefaultDaemonConnection: socket connection from /127.0.0.1:55097 to /127.0.0.1:55098"        [_thread_blocked, id=12752, stack(0x0000008721200000,0x0000008721300000) (1024K)]
  0x000002221d527740 JavaThread "Stdin handler"                     [_thread_blocked, id=8704, stack(0x0000008721300000,0x0000008721400000) (1024K)]
  0x000002221d5286e0 JavaThread "Daemon client event forwarder"        [_thread_blocked, id=17472, stack(0x0000008721400000,0x0000008721500000) (1024K)]
  0x000002221df17e60 JavaThread "Cache worker for journal cache (C:\Users\Aluno\.gradle\caches\journal-1)"        [_thread_blocked, id=8512, stack(0x0000008721500000,0x0000008721600000) (1024K)]
  0x000002221df17690 JavaThread "File lock request listener"        [_thread_in_native, id=3536, stack(0x0000008721600000,0x0000008721700000) (1024K)]
  0x000002221df1b510 JavaThread "Cache worker for file hash cache (C:\Users\Aluno\.gradle\caches\9.7.1\fileHashes)"        [_thread_blocked, id=5996, stack(0x0000008721800000,0x0000008721900000) (1024K)]
  0x000002221df1cc80 JavaThread "Cache worker for file hash cache (C:\Users\Aluno\StudioProjects\Calculadora\.gradle\9.7.1\fileHashes)"        [_thread_blocked, id=3900, stack(0x0000008721900000,0x0000008721a00000) (1024K)]
  0x000002221df1bce0 JavaThread "Cache worker for checksums cache (C:\Users\Aluno\StudioProjects\Calculadora\.gradle\9.7.1\checksums)"        [_thread_blocked, id=2364, stack(0x0000008721a00000,0x0000008721b00000) (1024K)]
  0x000002221df1e3f0 JavaThread "Cache worker for Build Output Cleanup Cache (C:\Users\Aluno\StudioProjects\Calculadora\.gradle\buildOutputCleanup)"        [_thread_blocked, id=7548, stack(0x0000008721b00000,0x0000008721c00000) (1024K)]
  0x000002221eee6970 JavaThread "Cache worker for file content cache (C:\Users\Aluno\.gradle\caches\9.7.1\fileContent)"        [_thread_blocked, id=16272, stack(0x0000008721d00000,0x0000008721e00000) (1024K)]
  0x000002221eee61a0 JavaThread "File watcher server"        daemon [_thread_in_native, id=18156, stack(0x0000008721700000,0x0000008721800000) (1024K)]
  0x000002221eee7140 JavaThread "File watcher consumer"      daemon [_thread_blocked, id=11316, stack(0x0000008721c00000,0x0000008721d00000) (1024K)]
  0x000002221eeea020 JavaThread "Cache worker for cache directory md-supplier (C:\Users\Aluno\.gradle\caches\9.7.1\md-supplier)"        [_thread_blocked, id=3772, stack(0x0000008721e00000,0x0000008721f00000) (1024K)]
  0x000002221eeeb790 JavaThread "Cache worker for cache directory md-rule (C:\Users\Aluno\.gradle\caches\9.7.1\md-rule)"        [_thread_blocked, id=18140, stack(0x0000008721f00000,0x0000008722000000) (1024K)]
  0x000002221ee373b0 JavaThread "jar transforms"                    [_thread_blocked, id=8940, stack(0x0000008722200000,0x0000008722300000) (1024K)]
  0x000002221ee3aa60 JavaThread "jar transforms Thread 2"           [_thread_blocked, id=14192, stack(0x0000008722300000,0x0000008722400000) (1024K)]
  0x000002221ee3d170 JavaThread "jar transforms Thread 3"           [_thread_blocked, id=4156, stack(0x0000008722400000,0x0000008722500000) (1024K)]
  0x000002221ee37b80 JavaThread "Build operations"                  [_thread_blocked, id=16860, stack(0x0000008722000000,0x0000008722100000) (1024K)]
  0x000002221ee3d940 JavaThread "Build operations Thread 2"         [_thread_blocked, id=5412, stack(0x0000008722100000,0x0000008722200000) (1024K)]
  0x000002221f565130 JavaThread "Build operations Thread 3"         [_thread_blocked, id=12316, stack(0x0000008722700000,0x0000008722800000) (1024K)]
  0x000002221f567070 JavaThread "Build operations Thread 4"         [_thread_blocked, id=6668, stack(0x0000008722800000,0x0000008722900000) (1024K)]
  0x000002221f565900 JavaThread "Build operations Thread 5"         [_thread_blocked, id=9880, stack(0x0000008722900000,0x0000008722a00000) (1024K)]
  0x000002221f569f50 JavaThread "Build operations Thread 6"         [_thread_blocked, id=18252, stack(0x0000008722a00000,0x0000008722b00000) (1024K)]
  0x000002221f56aef0 JavaThread "Build operations Thread 7"         [_thread_blocked, id=13896, stack(0x0000008722b00000,0x0000008722c00000) (1024K)]
  0x000002221f56c660 JavaThread "Build operations Thread 8"         [_thread_blocked, id=2980, stack(0x0000008722c00000,0x0000008722d00000) (1024K)]
  0x000002221f56be90 JavaThread "Build operations Thread 9"         [_thread_blocked, id=5148, stack(0x0000008722d00000,0x0000008722e00000) (1024K)]
  0x0000022220ad7160 JavaThread "Build operations Thread 10"        [_thread_blocked, id=14388, stack(0x0000008722e00000,0x0000008722f00000) (1024K)]
  0x0000022220ad6990 JavaThread "Build operations Thread 11"        [_thread_blocked, id=11748, stack(0x0000008722f00000,0x0000008723000000) (1024K)]
  0x0000022220ad5220 JavaThread "Build operations Thread 12"        [_thread_blocked, id=7100, stack(0x0000008723000000,0x0000008723100000) (1024K)]
  0x0000022220899920 JavaThread "jar transforms Thread 4"           [_thread_blocked, id=17872, stack(0x0000008722600000,0x0000008722700000) (1024K)]
  0x000002222089c030 JavaThread "jar transforms Thread 5"           [_thread_blocked, id=9436, stack(0x0000008723200000,0x0000008723300000) (1024K)]
  0x00000222208981b0 JavaThread "jar transforms Thread 6"           [_thread_blocked, id=3616, stack(0x0000008723100000,0x0000008723200000) (1024K)]
  0x000002222089a8c0 JavaThread "jar transforms Thread 7"           [_thread_blocked, id=7124, stack(0x0000008723400000,0x0000008723500000) (1024K)]
  0x0000022220898980 JavaThread "jar transforms Thread 8"           [_thread_blocked, id=10888, stack(0x0000008723500000,0x0000008723600000) (1024K)]
  0x000002222089e740 JavaThread "jar transforms Thread 9"           [_thread_blocked, id=13444, stack(0x0000008723600000,0x0000008723700000) (1024K)]
  0x000002221df1a570 JavaThread "jar transforms Thread 10"          [_thread_blocked, id=17336, stack(0x0000008723700000,0x0000008723800000) (1024K)]
  0x000002221f8bc0f0 JavaThread "pool-1-thread-2"                   [_thread_blocked, id=7044, stack(0x0000008723900000,0x0000008723a00000) (1024K)]
  0x00000222200f1640 JavaThread "Configuration cache report writer"        [_thread_blocked, id=13388, stack(0x000000871eb00000,0x000000871ec00000) (1024K)]
  0x00000222200f5c90 JavaThread "Kotlin DSL Writer"                 [_thread_blocked, id=5632, stack(0x000000871ed00000,0x000000871ee00000) (1024K)]
  0x00000222200f4520 JavaThread "Cache worker for Kotlin DSL Plugin Entries (C:\Users\Aluno\StudioProjects\Calculadora\.gradle\9.7.1\kotlin-dsl-plugin-entries)"        [_thread_blocked, id=14176, stack(0x0000008723300000,0x0000008723400000) (1024K)]
  0x000002221f8ba980 JavaThread "build event listener"              [_thread_blocked, id=13508, stack(0x0000008723800000,0x0000008723900000) (1024K)]
  0x00000222208979e0 JavaThread "Memory manager"                    [_thread_blocked, id=16804, stack(0x000000871ec00000,0x000000871ed00000) (1024K)]
  0x0000022223351bb0 JavaThread "build event listener"              [_thread_blocked, id=17372, stack(0x0000008723b00000,0x0000008723c00000) (1024K)]
  0x00000222233598b0 JavaThread "included builds"                   [_thread_in_vm, id=12192, stack(0x0000008723a00000,0x0000008723b00000) (1024K)]
  0x00000222233590e0 JavaThread "Execution worker"                  [_thread_blocked, id=13100, stack(0x0000008723e00000,0x0000008723f00000) (1024K)]
  0x00000222233571a0 JavaThread "Execution worker Thread 2"         [_thread_blocked, id=14852, stack(0x0000008723f00000,0x0000008724000000) (1024K)]
  0x000002222335d730 JavaThread "Execution worker Thread 3"         [_thread_blocked, id=17652, stack(0x0000008724000000,0x0000008724100000) (1024K)]
  0x000002222335df00 JavaThread "Execution worker Thread 4"         [_thread_blocked, id=7712, stack(0x0000008724100000,0x0000008724200000) (1024K)]
  0x000002222335b020 JavaThread "Execution worker Thread 5"         [_thread_blocked, id=8260, stack(0x0000008724200000,0x0000008724300000) (1024K)]
  0x000002222335b7f0 JavaThread "Execution worker Thread 6"         [_thread_blocked, id=12812, stack(0x0000008724300000,0x0000008724400000) (1024K)]
  0x0000022220e904e0 JavaThread "Execution worker Thread 7"         [_thread_blocked, id=13920, stack(0x0000008724400000,0x0000008724500000) (1024K)]
  0x000002222d9ba7d0 JavaThread "Execution worker Thread 8"         [_thread_blocked, id=2764, stack(0x0000008724500000,0x0000008724600000) (1024K)]
  0x000002222d9ba000 JavaThread "Execution worker Thread 9"         [_thread_blocked, id=13192, stack(0x0000008724600000,0x0000008724700000) (1024K)]
  0x000002222d9bc710 JavaThread "Execution worker Thread 10"        [_thread_blocked, id=5348, stack(0x0000008724700000,0x0000008724800000) (1024K)]
  0x000002222d9bafa0 JavaThread "Execution worker Thread 11"        [_thread_blocked, id=17968, stack(0x0000008724800000,0x0000008724900000) (1024K)]
  0x000002222d9bfdc0 JavaThread "Cache worker for execution history cache (C:\Users\Aluno\StudioProjects\Calculadora\.gradle\9.7.1\executionHistory)"        [_thread_blocked, id=3916, stack(0x0000008724900000,0x0000008724a00000) (1024K)]
=>0x0000022222872c00 JavaThread "C2 CompilerThread1"         daemon [_thread_in_native, id=10492, stack(0x0000008724b00000,0x0000008724c00000) (1024K)]
  0x000002221fad7ff0 JavaThread "Keep-Alive-Timer"           daemon [_thread_blocked, id=17528, stack(0x0000008724a00000,0x0000008724b00000) (1024K)]
  0x0000022222876c80 JavaThread "C2 CompilerThread2"         daemon [_thread_in_native, id=12716, stack(0x0000008724c00000,0x0000008724d00000) (1024K)]
Total: 77

Other Threads:
  0x000002227fa40380 VMThread "VM Thread"                           [id=12512, stack(0x000000871f500000,0x000000871f600000) (1024K)]
  0x000002227f9f88f0 WatcherThread "VM Periodic Task Thread"        [id=10460, stack(0x000000871f400000,0x000000871f500000) (1024K)]
  0x000002227dfa8900 WorkerThread "GC Thread#0"                     [id=8832, stack(0x000000871ef00000,0x000000871f000000) (1024K)]
  0x000002221bf34fc0 WorkerThread "GC Thread#1"                     [id=14536, stack(0x0000008720100000,0x0000008720200000) (1024K)]
  0x000002221c0b9270 WorkerThread "GC Thread#2"                     [id=2148, stack(0x0000008720200000,0x0000008720300000) (1024K)]
  0x000002221c0b96a0 WorkerThread "GC Thread#3"                     [id=16504, stack(0x0000008720300000,0x0000008720400000) (1024K)]
  0x000002221bf2efa0 WorkerThread "GC Thread#4"                     [id=11596, stack(0x0000008720400000,0x0000008720500000) (1024K)]
  0x000002221b02eff0 WorkerThread "GC Thread#5"                     [id=8852, stack(0x0000008720500000,0x0000008720600000) (1024K)]
  0x000002221c743020 WorkerThread "GC Thread#6"                     [id=8580, stack(0x0000008720800000,0x0000008720900000) (1024K)]
  0x000002221c741ee0 WorkerThread "GC Thread#7"                     [id=10048, stack(0x0000008720900000,0x0000008720a00000) (1024K)]
  0x000002221c740da0 WorkerThread "GC Thread#8"                     [id=2088, stack(0x0000008720a00000,0x0000008720b00000) (1024K)]
  0x000002221c743470 WorkerThread "GC Thread#9"                     [id=7768, stack(0x0000008720b00000,0x0000008720c00000) (1024K)]
  0x000002227dfc19d0 ConcurrentGCThread "G1 Main Marker"            [id=5356, stack(0x000000871f000000,0x000000871f100000) (1024K)]
  0x000002227dfc4460 WorkerThread "G1 Conc#0"                       [id=12728, stack(0x000000871f100000,0x000000871f200000) (1024K)]
  0x000002221c740500 WorkerThread "G1 Conc#1"                       [id=5184, stack(0x0000008720c00000,0x0000008720d00000) (1024K)]
  0x000002221c7438c0 WorkerThread "G1 Conc#2"                       [id=14020, stack(0x0000008720d00000,0x0000008720e00000) (1024K)]
  0x000002227f8ca5d0 ConcurrentGCThread "G1 Refine#0"               [id=17584, stack(0x000000871f200000,0x000000871f300000) (1024K)]
  0x000002227f8cafe0 ConcurrentGCThread "G1 Service"                [id=5608, stack(0x000000871f300000,0x000000871f400000) (1024K)]
Total: 18

Threads with active compile tasks:
C2 CompilerThread0  199672 27897   !   4       groovyjarjarantlr4.v4.runtime.atn.ParserATNSimulator::adaptivePredict (288 bytes)
C2 CompilerThread1  199673 27864       4       org.codehaus.groovy.runtime.metaclass.MetaMethodIndex::copyNonPrivateMethods (149 bytes)
C2 CompilerThread2  199673 27870       4       java.beans.MethodRef::set (58 bytes)
Total: 3

VM state: not at safepoint (normal execution)

VM Mutex/Monitor currently owned by a thread:  ([mutex/lock_event])
[0x00007ff8781e4498] CodeCache_lock - owner thread: 0x00000222233598b0

Heap address: 0x0000000080000000, size: 2048 MB, Compressed Oops mode: 32-bit

CDS archive(s) not mapped
Compressed class space mapped at: 0x0000000020000000-0x0000000060000000, reserved size: 1073741824
UseCompressedClassPointers 1, UseCompactObjectHeaders 0
Narrow klass pointer bits 32, Max shift 3
Narrow klass base: 0x0000000000000000, Narrow klass shift: 0
Encoding Range: [0x0000000000000000 - 0x0000000100000000), (4294967296 bytes)
Klass Range:    [0x0000000020000000 - 0x0000000060000000), (1073741824 bytes)
Klass ID Range:  [536870912 - 1610612729) (1073741817)
No protection zone.

GC Precious Log:
 CardTable entry size: 512
 Card Set container configuration: InlinePtr #cards 5 size 8 Array Of Cards #cards 10 size 36 Howl #buckets 4 coarsen threshold 1843 Howl Bitmap #cards 512 size 80 coarsen threshold 460 Card regions per heap region 1 cards per card region 2048
 CPUs: 12 total, 12 available
 Memory: 16016M
 Large Page Support: Disabled
 NUMA Support: Disabled
 Compressed Oops: Enabled (32-bit)
 Heap Region Size: 1M
 Heap Min Capacity: 8M
 Heap Initial Capacity: 252M
 Heap Max Capacity: 2G
 Pre-touch: Disabled
 Parallel Workers: 10
 Concurrent Workers: 3
 Concurrent Refinement Workers: 10
 Periodic GC: Disabled

Heap:
 garbage-first heap   total reserved 2097152K, committed 460800K, used 214903K [0x0000000080000000, 0x0000000100000000)
  region size 1024K, 26 young (26624K), 16 survivors (16384K)

Heap Regions: E=young(eden), S=young(survivor), O=old, HS=humongous(starts), HC=humongous(continues), CS=collection set, F=free, TAMS=top-at-mark-start, PB=parsable bottom
|   0|0x0000000080000000, 0x0000000080100000, 0x0000000080100000|100%|HS|  |TAMS 0x0000000080000000| PB 0x0000000080000000| Complete |  0
|   1|0x0000000080100000, 0x0000000080200000, 0x0000000080200000|100%|HC|  |TAMS 0x0000000080100000| PB 0x0000000080100000| Complete |  0
|   2|0x0000000080200000, 0x0000000080300000, 0x0000000080300000|100%|HC|  |TAMS 0x0000000080200000| PB 0x0000000080200000| Complete |  0
|   3|0x0000000080300000, 0x0000000080400000, 0x0000000080400000|100%|HC|  |TAMS 0x0000000080300000| PB 0x0000000080300000| Complete |  0
|   4|0x0000000080400000, 0x0000000080500000, 0x0000000080500000|100%| O|  |TAMS 0x0000000080400000| PB 0x0000000080400000| Untracked |  0
|   5|0x0000000080500000, 0x0000000080600000, 0x0000000080600000|100%| O|  |TAMS 0x0000000080500000| PB 0x0000000080500000| Untracked |  0
|   6|0x0000000080600000, 0x0000000080700000, 0x0000000080700000|100%| O|  |TAMS 0x0000000080600000| PB 0x0000000080600000| Untracked |  0
|   7|0x0000000080700000, 0x0000000080800000, 0x0000000080800000|100%|HS|  |TAMS 0x0000000080700000| PB 0x0000000080700000| Complete |  0
|   8|0x0000000080800000, 0x0000000080900000, 0x0000000080900000|100%| O|  |TAMS 0x0000000080800000| PB 0x0000000080800000| Untracked |  0
|   9|0x0000000080900000, 0x0000000080a00000, 0x0000000080a00000|100%| O|  |TAMS 0x0000000080900000| PB 0x0000000080900000| Untracked |  0
|  10|0x0000000080a00000, 0x0000000080b00000, 0x0000000080b00000|100%| O|  |TAMS 0x0000000080a00000| PB 0x0000000080a00000| Untracked |  0
|  11|0x0000000080b00000, 0x0000000080c00000, 0x0000000080c00000|100%| O|  |TAMS 0x0000000080b00000| PB 0x0000000080b00000| Untracked |  0
|  12|0x0000000080c00000, 0x0000000080d00000, 0x0000000080d00000|100%| O|  |TAMS 0x0000000080c00000| PB 0x0000000080c00000| Untracked |  0
|  13|0x0000000080d00000, 0x0000000080e00000, 0x0000000080e00000|100%| O|  |TAMS 0x0000000080d00000| PB 0x0000000080d00000| Untracked |  0
|  14|0x0000000080e00000, 0x0000000080f00000, 0x0000000080f00000|100%| O|  |TAMS 0x0000000080e00000| PB 0x0000000080e00000| Untracked |  0
|  15|0x0000000080f00000, 0x0000000081000000, 0x0000000081000000|100%| O|  |TAMS 0x0000000080f00000| PB 0x0000000080f00000| Untracked |  0
|  16|0x0000000081000000, 0x0000000081100000, 0x0000000081100000|100%| O|  |TAMS 0x0000000081000000| PB 0x0000000081000000| Untracked |  0
|  17|0x0000000081100000, 0x0000000081200000, 0x0000000081200000|100%| O|  |TAMS 0x0000000081100000| PB 0x0000000081100000| Untracked |  0
|  18|0x0000000081200000, 0x0000000081300000, 0x0000000081300000|100%| O|  |TAMS 0x0000000081200000| PB 0x0000000081200000| Untracked |  0
|  19|0x0000000081300000, 0x0000000081400000, 0x0000000081400000|100%| O|  |TAMS 0x0000000081300000| PB 0x0000000081300000| Untracked |  0
|  20|0x0000000081400000, 0x0000000081500000, 0x0000000081500000|100%| O|  |TAMS 0x0000000081400000| PB 0x0000000081400000| Untracked |  0
|  21|0x0000000081500000, 0x0000000081600000, 0x0000000081600000|100%| O|  |TAMS 0x0000000081500000| PB 0x0000000081500000| Untracked |  0
|  22|0x0000000081600000, 0x0000000081700000, 0x0000000081700000|100%| O|  |TAMS 0x0000000081600000| PB 0x0000000081600000| Untracked |  0
|  23|0x0000000081700000, 0x0000000081800000, 0x0000000081800000|100%| O|  |TAMS 0x0000000081700000| PB 0x0000000081700000| Untracked |  0
|  24|0x0000000081800000, 0x0000000081900000, 0x0000000081900000|100%| O|  |TAMS 0x0000000081800000| PB 0x0000000081800000| Untracked |  0
|  25|0x0000000081900000, 0x0000000081a00000, 0x0000000081a00000|100%| O|  |TAMS 0x0000000081900000| PB 0x0000000081900000| Untracked |  0
|  26|0x0000000081a00000, 0x0000000081b00000, 0x0000000081b00000|100%| O|  |TAMS 0x0000000081a00000| PB 0x0000000081a00000| Untracked |  0
|  27|0x0000000081b00000, 0x0000000081c00000, 0x0000000081c00000|100%| O|  |TAMS 0x0000000081b00000| PB 0x0000000081b00000| Untracked |  0
|  28|0x0000000081c00000, 0x0000000081d00000, 0x0000000081d00000|100%| O|  |TAMS 0x0000000081c00000| PB 0x0000000081c00000| Untracked |  0
|  29|0x0000000081d00000, 0x0000000081e00000, 0x0000000081e00000|100%| O|  |TAMS 0x0000000081d00000| PB 0x0000000081d00000| Untracked |  0
|  30|0x0000000081e00000, 0x0000000081f00000, 0x0000000081f00000|100%| O|  |TAMS 0x0000000081e00000| PB 0x0000000081e00000| Untracked |  0
|  31|0x0000000081f00000, 0x0000000082000000, 0x0000000082000000|100%| O|  |TAMS 0x0000000081f00000| PB 0x0000000081f00000| Untracked |  0
|  32|0x0000000082000000, 0x0000000082100000, 0x0000000082100000|100%| O|  |TAMS 0x0000000082000000| PB 0x0000000082000000| Untracked |  0
|  33|0x0000000082100000, 0x0000000082200000, 0x0000000082200000|100%| O|  |TAMS 0x0000000082100000| PB 0x0000000082100000| Untracked |  0
|  34|0x0000000082200000, 0x0000000082300000, 0x0000000082300000|100%| O|  |TAMS 0x0000000082200000| PB 0x0000000082200000| Untracked |  0
|  35|0x0000000082300000, 0x0000000082400000, 0x0000000082400000|100%| O|  |TAMS 0x0000000082300000| PB 0x0000000082300000| Untracked |  0
|  36|0x0000000082400000, 0x0000000082500000, 0x0000000082500000|100%| O|  |TAMS 0x0000000082400000| PB 0x0000000082400000| Untracked |  0
|  37|0x0000000082500000, 0x0000000082600000, 0x0000000082600000|100%| O|  |TAMS 0x0000000082500000| PB 0x0000000082500000| Untracked |  0
|  38|0x0000000082600000, 0x0000000082700000, 0x0000000082700000|100%| O|  |TAMS 0x0000000082600000| PB 0x0000000082600000| Untracked |  0
|  39|0x0000000082700000, 0x0000000082800000, 0x0000000082800000|100%| O|  |TAMS 0x0000000082700000| PB 0x0000000082700000| Untracked |  0
|  40|0x0000000082800000, 0x0000000082900000, 0x0000000082900000|100%| O|  |TAMS 0x0000000082800000| PB 0x0000000082800000| Untracked |  0
|  41|0x0000000082900000, 0x0000000082a00000, 0x0000000082a00000|100%| O|  |TAMS 0x0000000082900000| PB 0x0000000082900000| Untracked |  0
|  42|0x0000000082a00000, 0x0000000082b00000, 0x0000000082b00000|100%| O|  |TAMS 0x0000000082a00000| PB 0x0000000082a00000| Untracked |  0
|  43|0x0000000082b00000, 0x0000000082c00000, 0x0000000082c00000|100%| O|  |TAMS 0x0000000082b00000| PB 0x0000000082b00000| Untracked |  0
|  44|0x0000000082c00000, 0x0000000082d00000, 0x0000000082d00000|100%| O|  |TAMS 0x0000000082c00000| PB 0x0000000082c00000| Untracked |  0
|  45|0x0000000082d00000, 0x0000000082e00000, 0x0000000082e00000|100%| O|  |TAMS 0x0000000082d00000| PB 0x0000000082d00000| Untracked |  0
|  46|0x0000000082e00000, 0x0000000082f00000, 0x0000000082f00000|100%| O|  |TAMS 0x0000000082e00000| PB 0x0000000082e00000| Untracked |  0
|  47|0x0000000082f00000, 0x0000000083000000, 0x0000000083000000|100%| O|  |TAMS 0x0000000082f00000| PB 0x0000000082f00000| Untracked |  0
|  48|0x0000000083000000, 0x0000000083100000, 0x0000000083100000|100%| O|  |TAMS 0x0000000083000000| PB 0x0000000083000000| Untracked |  0
|  49|0x0000000083100000, 0x0000000083200000, 0x0000000083200000|100%| O|  |TAMS 0x0000000083100000| PB 0x0000000083100000| Untracked |  0
|  50|0x0000000083200000, 0x0000000083300000, 0x0000000083300000|100%| O|  |TAMS 0x0000000083200000| PB 0x0000000083200000| Untracked |  0
|  51|0x0000000083300000, 0x0000000083400000, 0x0000000083400000|100%| O|  |TAMS 0x0000000083300000| PB 0x0000000083300000| Untracked |  0
|  52|0x0000000083400000, 0x0000000083500000, 0x0000000083500000|100%| O|  |TAMS 0x0000000083400000| PB 0x0000000083400000| Untracked |  0
|  53|0x0000000083500000, 0x0000000083600000, 0x0000000083600000|100%| O|  |TAMS 0x0000000083500000| PB 0x0000000083500000| Untracked |  0
|  54|0x0000000083600000, 0x0000000083700000, 0x0000000083700000|100%| O|  |TAMS 0x0000000083600000| PB 0x0000000083600000| Untracked |  0
|  55|0x0000000083700000, 0x0000000083800000, 0x0000000083800000|100%| O|  |TAMS 0x0000000083700000| PB 0x0000000083700000| Untracked |  0
|  56|0x0000000083800000, 0x0000000083900000, 0x0000000083900000|100%| O|  |TAMS 0x0000000083800000| PB 0x0000000083800000| Untracked |  0
|  57|0x0000000083900000, 0x0000000083a00000, 0x0000000083a00000|100%| O|  |TAMS 0x0000000083900000| PB 0x0000000083900000| Untracked |  0
|  58|0x0000000083a00000, 0x0000000083b00000, 0x0000000083b00000|100%| O|  |TAMS 0x0000000083a00000| PB 0x0000000083a00000| Untracked |  0
|  59|0x0000000083b00000, 0x0000000083c00000, 0x0000000083c00000|100%| O|  |TAMS 0x0000000083b00000| PB 0x0000000083b00000| Untracked |  0
|  60|0x0000000083c00000, 0x0000000083d00000, 0x0000000083d00000|100%| O|  |TAMS 0x0000000083c00000| PB 0x0000000083c00000| Untracked |  0
|  61|0x0000000083d00000, 0x0000000083e00000, 0x0000000083e00000|100%| O|  |TAMS 0x0000000083d00000| PB 0x0000000083d00000| Untracked |  0
|  62|0x0000000083e00000, 0x0000000083f00000, 0x0000000083f00000|100%| O|  |TAMS 0x0000000083e00000| PB 0x0000000083e00000| Untracked |  0
|  63|0x0000000083f00000, 0x0000000084000000, 0x0000000084000000|100%| O|  |TAMS 0x0000000083f00000| PB 0x0000000083f00000| Untracked |  0
|  64|0x0000000084000000, 0x0000000084100000, 0x0000000084100000|100%| O|  |TAMS 0x0000000084000000| PB 0x0000000084000000| Untracked |  0
|  65|0x0000000084100000, 0x0000000084200000, 0x0000000084200000|100%| O|  |TAMS 0x0000000084100000| PB 0x0000000084100000| Untracked |  0
|  66|0x0000000084200000, 0x0000000084300000, 0x0000000084300000|100%| O|  |TAMS 0x0000000084200000| PB 0x0000000084200000| Untracked |  0
|  67|0x0000000084300000, 0x0000000084400000, 0x0000000084400000|100%| O|  |TAMS 0x0000000084300000| PB 0x0000000084300000| Untracked |  0
|  68|0x0000000084400000, 0x0000000084500000, 0x0000000084500000|100%| O|  |TAMS 0x0000000084400000| PB 0x0000000084400000| Untracked |  0
|  69|0x0000000084500000, 0x0000000084600000, 0x0000000084600000|100%| O|  |TAMS 0x0000000084500000| PB 0x0000000084500000| Untracked |  0
|  70|0x0000000084600000, 0x0000000084700000, 0x0000000084700000|100%| O|  |TAMS 0x0000000084600000| PB 0x0000000084600000| Untracked |  0
|  71|0x0000000084700000, 0x0000000084800000, 0x0000000084800000|100%| O|  |TAMS 0x0000000084700000| PB 0x0000000084700000| Untracked |  0
|  72|0x0000000084800000, 0x0000000084900000, 0x0000000084900000|100%| O|  |TAMS 0x0000000084800000| PB 0x0000000084800000| Untracked |  0
|  73|0x0000000084900000, 0x0000000084a00000, 0x0000000084a00000|100%| O|  |TAMS 0x0000000084900000| PB 0x0000000084900000| Untracked |  0
|  74|0x0000000084a00000, 0x0000000084b00000, 0x0000000084b00000|100%| O|  |TAMS 0x0000000084a00000| PB 0x0000000084a00000| Untracked |  0
|  75|0x0000000084b00000, 0x0000000084c00000, 0x0000000084c00000|100%| O|  |TAMS 0x0000000084b00000| PB 0x0000000084b00000| Untracked |  0
|  76|0x0000000084c00000, 0x0000000084d00000, 0x0000000084d00000|100%|HS|  |TAMS 0x0000000084c00000| PB 0x0000000084c00000| Complete |  0
|  77|0x0000000084d00000, 0x0000000084e00000, 0x0000000084e00000|100%| O|  |TAMS 0x0000000084d00000| PB 0x0000000084d00000| Untracked |  0
|  78|0x0000000084e00000, 0x0000000084f00000, 0x0000000084f00000|100%| O|  |TAMS 0x0000000084e00000| PB 0x0000000084e00000| Untracked |  0
|  79|0x0000000084f00000, 0x0000000085000000, 0x0000000085000000|100%| O|  |TAMS 0x0000000084f00000| PB 0x0000000084f00000| Untracked |  0
|  80|0x0000000085000000, 0x0000000085100000, 0x0000000085100000|100%| O|  |TAMS 0x0000000085000000| PB 0x0000000085000000| Untracked |  0
|  81|0x0000000085100000, 0x0000000085200000, 0x0000000085200000|100%| O|  |TAMS 0x0000000085100000| PB 0x0000000085100000| Untracked |  0
|  82|0x0000000085200000, 0x0000000085300000, 0x0000000085300000|100%| O|  |TAMS 0x0000000085200000| PB 0x0000000085200000| Untracked |  0
|  83|0x0000000085300000, 0x0000000085400000, 0x0000000085400000|100%| O|  |TAMS 0x0000000085300000| PB 0x0000000085300000| Untracked |  0
|  84|0x0000000085400000, 0x0000000085500000, 0x0000000085500000|100%| O|  |TAMS 0x0000000085400000| PB 0x0000000085400000| Untracked |  0
|  85|0x0000000085500000, 0x0000000085600000, 0x0000000085600000|100%| O|  |TAMS 0x0000000085500000| PB 0x0000000085500000| Untracked |  0
|  86|0x0000000085600000, 0x0000000085700000, 0x0000000085700000|100%| O|  |TAMS 0x0000000085600000| PB 0x0000000085600000| Untracked |  0
|  87|0x0000000085700000, 0x0000000085800000, 0x0000000085800000|100%| O|  |TAMS 0x0000000085700000| PB 0x0000000085700000| Untracked |  0
|  88|0x0000000085800000, 0x0000000085900000, 0x0000000085900000|100%| O|  |TAMS 0x0000000085800000| PB 0x0000000085800000| Untracked |  0
|  89|0x0000000085900000, 0x0000000085a00000, 0x0000000085a00000|100%| O|  |TAMS 0x0000000085900000| PB 0x0000000085900000| Untracked |  0
|  90|0x0000000085a00000, 0x0000000085b00000, 0x0000000085b00000|100%| O|  |TAMS 0x0000000085a00000| PB 0x0000000085a00000| Untracked |  0
|  91|0x0000000085b00000, 0x0000000085c00000, 0x0000000085c00000|100%| O|  |TAMS 0x0000000085b00000| PB 0x0000000085b00000| Untracked |  0
|  92|0x0000000085c00000, 0x0000000085d00000, 0x0000000085d00000|100%| O|  |TAMS 0x0000000085c00000| PB 0x0000000085c00000| Untracked |  0
|  93|0x0000000085d00000, 0x0000000085e00000, 0x0000000085e00000|100%| O|  |TAMS 0x0000000085d00000| PB 0x0000000085d00000| Untracked |  0
|  94|0x0000000085e00000, 0x0000000085f00000, 0x0000000085f00000|100%| O|  |TAMS 0x0000000085e00000| PB 0x0000000085e00000| Untracked |  0
|  95|0x0000000085f00000, 0x0000000086000000, 0x0000000086000000|100%| O|  |TAMS 0x0000000085f00000| PB 0x0000000085f00000| Untracked |  0
|  96|0x0000000086000000, 0x0000000086100000, 0x0000000086100000|100%| O|  |TAMS 0x0000000086000000| PB 0x0000000086000000| Untracked |  0
|  97|0x0000000086100000, 0x0000000086100000, 0x0000000086200000|  0%| F|  |TAMS 0x0000000086100000| PB 0x0000000086100000| Untracked |  0
|  98|0x0000000086200000, 0x0000000086300000, 0x0000000086300000|100%| O|  |TAMS 0x0000000086200000| PB 0x0000000086200000| Untracked |  0
|  99|0x0000000086300000, 0x0000000086400000, 0x0000000086400000|100%| O|  |TAMS 0x0000000086300000| PB 0x0000000086300000| Untracked |  0
| 100|0x0000000086400000, 0x0000000086500000, 0x0000000086500000|100%| O|  |TAMS 0x0000000086400000| PB 0x0000000086400000| Untracked |  0
| 101|0x0000000086500000, 0x0000000086600000, 0x0000000086600000|100%| O|  |TAMS 0x0000000086500000| PB 0x0000000086500000| Untracked |  0
| 102|0x0000000086600000, 0x0000000086700000, 0x0000000086700000|100%| O|  |TAMS 0x0000000086600000| PB 0x0000000086600000| Untracked |  0
| 103|0x0000000086700000, 0x0000000086800000, 0x0000000086800000|100%| O|  |TAMS 0x0000000086700000| PB 0x0000000086700000| Untracked |  0
| 104|0x0000000086800000, 0x0000000086900000, 0x0000000086900000|100%| O|  |TAMS 0x0000000086800000| PB 0x0000000086800000| Untracked |  0
| 105|0x0000000086900000, 0x0000000086a00000, 0x0000000086a00000|100%| O|  |TAMS 0x0000000086900000| PB 0x0000000086900000| Untracked |  0
| 106|0x0000000086a00000, 0x0000000086b00000, 0x0000000086b00000|100%| O|  |TAMS 0x0000000086a00000| PB 0x0000000086a00000| Untracked |  0
| 107|0x0000000086b00000, 0x0000000086c00000, 0x0000000086c00000|100%| O|  |TAMS 0x0000000086b00000| PB 0x0000000086b00000| Untracked |  0
| 108|0x0000000086c00000, 0x0000000086d00000, 0x0000000086d00000|100%| O|  |TAMS 0x0000000086c00000| PB 0x0000000086c00000| Untracked |  0
| 109|0x0000000086d00000, 0x0000000086e00000, 0x0000000086e00000|100%| O|  |TAMS 0x0000000086d00000| PB 0x0000000086d00000| Untracked |  0
| 110|0x0000000086e00000, 0x0000000086f00000, 0x0000000086f00000|100%|HS|  |TAMS 0x0000000086e00000| PB 0x0000000086e00000| Complete |  0
| 111|0x0000000086f00000, 0x0000000087000000, 0x0000000087000000|100%| O|  |TAMS 0x0000000086f00000| PB 0x0000000086f00000| Untracked |  0
| 112|0x0000000087000000, 0x0000000087100000, 0x0000000087100000|100%| O|  |TAMS 0x0000000087000000| PB 0x0000000087000000| Untracked |  0
| 113|0x0000000087100000, 0x0000000087200000, 0x0000000087200000|100%| O|  |TAMS 0x0000000087100000| PB 0x0000000087100000| Untracked |  0
| 114|0x0000000087200000, 0x0000000087300000, 0x0000000087300000|100%| O|  |TAMS 0x0000000087200000| PB 0x0000000087200000| Untracked |  0
| 115|0x0000000087300000, 0x0000000087400000, 0x0000000087400000|100%| O|  |TAMS 0x0000000087300000| PB 0x0000000087300000| Untracked |  0
| 116|0x0000000087400000, 0x0000000087500000, 0x0000000087500000|100%| O|  |TAMS 0x0000000087400000| PB 0x0000000087400000| Untracked |  0
| 117|0x0000000087500000, 0x0000000087600000, 0x0000000087600000|100%| O|  |TAMS 0x0000000087500000| PB 0x0000000087500000| Untracked |  0
| 118|0x0000000087600000, 0x0000000087700000, 0x0000000087700000|100%| O|  |TAMS 0x0000000087600000| PB 0x0000000087600000| Untracked |  0
| 119|0x0000000087700000, 0x0000000087800000, 0x0000000087800000|100%|HS|  |TAMS 0x0000000087700000| PB 0x0000000087700000| Complete |  0
| 120|0x0000000087800000, 0x0000000087900000, 0x0000000087900000|100%| O|  |TAMS 0x0000000087800000| PB 0x0000000087800000| Untracked |  0
| 121|0x0000000087900000, 0x0000000087a00000, 0x0000000087a00000|100%| O|  |TAMS 0x0000000087900000| PB 0x0000000087900000| Untracked |  0
| 122|0x0000000087a00000, 0x0000000087b00000, 0x0000000087b00000|100%| O|  |TAMS 0x0000000087a00000| PB 0x0000000087a00000| Untracked |  0
| 123|0x0000000087b00000, 0x0000000087c00000, 0x0000000087c00000|100%|HS|  |TAMS 0x0000000087b00000| PB 0x0000000087b00000| Complete |  0
| 124|0x0000000087c00000, 0x0000000087d00000, 0x0000000087d00000|100%| O|  |TAMS 0x0000000087c00000| PB 0x0000000087c00000| Untracked |  0
| 125|0x0000000087d00000, 0x0000000087e00000, 0x0000000087e00000|100%| O|  |TAMS 0x0000000087d00000| PB 0x0000000087d00000| Untracked |  0
| 126|0x0000000087e00000, 0x0000000087f00000, 0x0000000087f00000|100%| O|  |TAMS 0x0000000087e00000| PB 0x0000000087e00000| Untracked |  0
| 127|0x0000000087f00000, 0x0000000088000000, 0x0000000088000000|100%| O|  |TAMS 0x0000000087f00000| PB 0x0000000087f00000| Untracked |  0
| 128|0x0000000088000000, 0x0000000088100000, 0x0000000088100000|100%|HS|  |TAMS 0x0000000088000000| PB 0x0000000088000000| Complete |  0
| 129|0x0000000088100000, 0x0000000088200000, 0x0000000088200000|100%| O|  |TAMS 0x0000000088100000| PB 0x0000000088100000| Untracked |  0
| 130|0x0000000088200000, 0x0000000088300000, 0x0000000088300000|100%|HS|  |TAMS 0x0000000088200000| PB 0x0000000088200000| Complete |  0
| 131|0x0000000088300000, 0x0000000088400000, 0x0000000088400000|100%|HC|  |TAMS 0x0000000088300000| PB 0x0000000088300000| Complete |  0
| 132|0x0000000088400000, 0x0000000088500000, 0x0000000088500000|100%|HS|  |TAMS 0x0000000088400000| PB 0x0000000088400000| Complete |  0
| 133|0x0000000088500000, 0x0000000088600000, 0x0000000088600000|100%|HC|  |TAMS 0x0000000088500000| PB 0x0000000088500000| Complete |  0
| 134|0x0000000088600000, 0x0000000088700000, 0x0000000088700000|100%|HS|  |TAMS 0x0000000088600000| PB 0x0000000088600000| Complete |  0
| 135|0x0000000088700000, 0x0000000088800000, 0x0000000088800000|100%|HS|  |TAMS 0x0000000088700000| PB 0x0000000088700000| Complete |  0
| 136|0x0000000088800000, 0x0000000088900000, 0x0000000088900000|100%| O|  |TAMS 0x0000000088800000| PB 0x0000000088800000| Untracked |  0
| 137|0x0000000088900000, 0x0000000088a00000, 0x0000000088a00000|100%|HS|  |TAMS 0x0000000088900000| PB 0x0000000088900000| Complete |  0
| 138|0x0000000088a00000, 0x0000000088a00000, 0x0000000088b00000|  0%| F|  |TAMS 0x0000000088a00000| PB 0x0000000088a00000| Untracked |  0
| 139|0x0000000088b00000, 0x0000000088c00000, 0x0000000088c00000|100%|HS|  |TAMS 0x0000000088b00000| PB 0x0000000088b00000| Complete |  0
| 140|0x0000000088c00000, 0x0000000088d00000, 0x0000000088d00000|100%|HS|  |TAMS 0x0000000088c00000| PB 0x0000000088c00000| Complete |  0
| 141|0x0000000088d00000, 0x0000000088e00000, 0x0000000088e00000|100%| O|  |TAMS 0x0000000088d00000| PB 0x0000000088d00000| Untracked |  0
| 142|0x0000000088e00000, 0x0000000088f00000, 0x0000000088f00000|100%| O|  |TAMS 0x0000000088e00000| PB 0x0000000088e00000| Untracked |  0
| 143|0x0000000088f00000, 0x0000000089000000, 0x0000000089000000|100%| O|  |TAMS 0x0000000088f00000| PB 0x0000000088f00000| Untracked |  0
| 144|0x0000000089000000, 0x0000000089100000, 0x0000000089100000|100%|HS|  |TAMS 0x0000000089000000| PB 0x0000000089000000| Complete |  0
| 145|0x0000000089100000, 0x0000000089200000, 0x0000000089200000|100%| O|  |TAMS 0x0000000089100000| PB 0x0000000089100000| Untracked |  0
| 146|0x0000000089200000, 0x0000000089300000, 0x0000000089300000|100%| O|  |TAMS 0x0000000089200000| PB 0x0000000089200000| Untracked |  0
| 147|0x0000000089300000, 0x0000000089400000, 0x0000000089400000|100%| O|  |TAMS 0x0000000089300000| PB 0x0000000089300000| Untracked |  0
| 148|0x0000000089400000, 0x0000000089500000, 0x0000000089500000|100%| O|  |TAMS 0x0000000089400000| PB 0x0000000089400000| Untracked |  0
| 149|0x0000000089500000, 0x0000000089600000, 0x0000000089600000|100%| O|  |TAMS 0x0000000089500000| PB 0x0000000089500000| Untracked |  0
| 150|0x0000000089600000, 0x0000000089700000, 0x0000000089700000|100%| O|  |TAMS 0x0000000089600000| PB 0x0000000089600000| Untracked |  0
| 151|0x0000000089700000, 0x0000000089800000, 0x0000000089800000|100%| O|  |TAMS 0x0000000089700000| PB 0x0000000089700000| Untracked |  0
| 152|0x0000000089800000, 0x0000000089900000, 0x0000000089900000|100%| O|  |TAMS 0x0000000089800000| PB 0x0000000089800000| Untracked |  0
| 153|0x0000000089900000, 0x0000000089a00000, 0x0000000089a00000|100%| O|  |TAMS 0x0000000089900000| PB 0x0000000089900000| Untracked |  0
| 154|0x0000000089a00000, 0x0000000089a1c420, 0x0000000089b00000| 11%| O|  |TAMS 0x0000000089a00000| PB 0x0000000089a00000| Untracked |  0
| 155|0x0000000089b00000, 0x0000000089b00000, 0x0000000089c00000|  0%| F|  |TAMS 0x0000000089b00000| PB 0x0000000089b00000| Untracked |  0
| 156|0x0000000089c00000, 0x0000000089c00000, 0x0000000089d00000|  0%| F|  |TAMS 0x0000000089c00000| PB 0x0000000089c00000| Untracked |  0
| 157|0x0000000089d00000, 0x0000000089d00000, 0x0000000089e00000|  0%| F|  |TAMS 0x0000000089d00000| PB 0x0000000089d00000| Untracked |  0
| 158|0x0000000089e00000, 0x0000000089e00000, 0x0000000089f00000|  0%| F|  |TAMS 0x0000000089e00000| PB 0x0000000089e00000| Untracked |  0
| 159|0x0000000089f00000, 0x0000000089f00000, 0x000000008a000000|  0%| F|  |TAMS 0x0000000089f00000| PB 0x0000000089f00000| Untracked |  0
| 160|0x000000008a000000, 0x000000008a100000, 0x000000008a100000|100%| O|  |TAMS 0x000000008a000000| PB 0x000000008a000000| Untracked |  0
| 161|0x000000008a100000, 0x000000008a200000, 0x000000008a200000|100%| O|  |TAMS 0x000000008a100000| PB 0x000000008a100000| Untracked |  0
| 162|0x000000008a200000, 0x000000008a300000, 0x000000008a300000|100%| O|  |TAMS 0x000000008a200000| PB 0x000000008a200000| Untracked |  0
| 163|0x000000008a300000, 0x000000008a400000, 0x000000008a400000|100%| O|  |TAMS 0x000000008a300000| PB 0x000000008a300000| Untracked |  0
| 164|0x000000008a400000, 0x000000008a500000, 0x000000008a500000|100%| O|  |TAMS 0x000000008a400000| PB 0x000000008a400000| Untracked |  0
| 165|0x000000008a500000, 0x000000008a600000, 0x000000008a600000|100%| O|  |TAMS 0x000000008a500000| PB 0x000000008a500000| Untracked |  0
| 166|0x000000008a600000, 0x000000008a700000, 0x000000008a700000|100%| O|  |TAMS 0x000000008a600000| PB 0x000000008a600000| Untracked |  0
| 167|0x000000008a700000, 0x000000008a800000, 0x000000008a800000|100%| O|  |TAMS 0x000000008a700000| PB 0x000000008a700000| Untracked |  0
| 168|0x000000008a800000, 0x000000008a800000, 0x000000008a900000|  0%| F|  |TAMS 0x000000008a800000| PB 0x000000008a800000| Untracked |  0
| 169|0x000000008a900000, 0x000000008a900000, 0x000000008aa00000|  0%| F|  |TAMS 0x000000008a900000| PB 0x000000008a900000| Untracked |  0
| 170|0x000000008aa00000, 0x000000008aa00000, 0x000000008ab00000|  0%| F|  |TAMS 0x000000008aa00000| PB 0x000000008aa00000| Untracked |  0
| 171|0x000000008ab00000, 0x000000008ab00000, 0x000000008ac00000|  0%| F|  |TAMS 0x000000008ab00000| PB 0x000000008ab00000| Untracked |  0
| 172|0x000000008ac00000, 0x000000008ac00000, 0x000000008ad00000|  0%| F|  |TAMS 0x000000008ac00000| PB 0x000000008ac00000| Untracked |  0
| 173|0x000000008ad00000, 0x000000008ad00000, 0x000000008ae00000|  0%| F|  |TAMS 0x000000008ad00000| PB 0x000000008ad00000| Untracked |  0
| 174|0x000000008ae00000, 0x000000008ae00000, 0x000000008af00000|  0%| F|  |TAMS 0x000000008ae00000| PB 0x000000008ae00000| Untracked |  0
| 175|0x000000008af00000, 0x000000008af00000, 0x000000008b000000|  0%| F|  |TAMS 0x000000008af00000| PB 0x000000008af00000| Untracked |  0
| 176|0x000000008b000000, 0x000000008b100000, 0x000000008b100000|100%| O|  |TAMS 0x000000008b000000| PB 0x000000008b000000| Untracked |  0
| 177|0x000000008b100000, 0x000000008b200000, 0x000000008b200000|100%| O|  |TAMS 0x000000008b100000| PB 0x000000008b100000| Untracked |  0
| 178|0x000000008b200000, 0x000000008b300000, 0x000000008b300000|100%| O|  |TAMS 0x000000008b200000| PB 0x000000008b200000| Untracked |  0
| 179|0x000000008b300000, 0x000000008b400000, 0x000000008b400000|100%| O|  |TAMS 0x000000008b300000| PB 0x000000008b300000| Untracked |  0
| 180|0x000000008b400000, 0x000000008b500000, 0x000000008b500000|100%| O|  |TAMS 0x000000008b400000| PB 0x000000008b400000| Untracked |  0
| 181|0x000000008b500000, 0x000000008b600000, 0x000000008b600000|100%| O|  |TAMS 0x000000008b500000| PB 0x000000008b500000| Untracked |  0
| 182|0x000000008b600000, 0x000000008b700000, 0x000000008b700000|100%| O|  |TAMS 0x000000008b600000| PB 0x000000008b600000| Untracked |  0
| 183|0x000000008b700000, 0x000000008b800000, 0x000000008b800000|100%| O|  |TAMS 0x000000008b700000| PB 0x000000008b700000| Untracked |  0
| 184|0x000000008b800000, 0x000000008b900000, 0x000000008b900000|100%| O|  |TAMS 0x000000008b800000| PB 0x000000008b800000| Untracked |  0
| 185|0x000000008b900000, 0x000000008ba00000, 0x000000008ba00000|100%| O|  |TAMS 0x000000008b900000| PB 0x000000008b900000| Untracked |  0
| 186|0x000000008ba00000, 0x000000008bb00000, 0x000000008bb00000|100%| O|  |TAMS 0x000000008ba00000| PB 0x000000008ba00000| Untracked |  0
| 187|0x000000008bb00000, 0x000000008bc00000, 0x000000008bc00000|100%| O|  |TAMS 0x000000008bb00000| PB 0x000000008bb00000| Untracked |  0
| 188|0x000000008bc00000, 0x000000008bd00000, 0x000000008bd00000|100%| O|  |TAMS 0x000000008bc00000| PB 0x000000008bc00000| Untracked |  0
| 189|0x000000008bd00000, 0x000000008be00000, 0x000000008be00000|100%| O|  |TAMS 0x000000008bd00000| PB 0x000000008bd00000| Untracked |  0
| 190|0x000000008be00000, 0x000000008bf00000, 0x000000008bf00000|100%| O|  |TAMS 0x000000008be00000| PB 0x000000008be00000| Untracked |  0
| 191|0x000000008bf00000, 0x000000008c000000, 0x000000008c000000|100%| O|  |TAMS 0x000000008bf00000| PB 0x000000008bf00000| Untracked |  0
| 192|0x000000008c000000, 0x000000008c000000, 0x000000008c100000|  0%| F|  |TAMS 0x000000008c000000| PB 0x000000008c000000| Untracked |  0
| 193|0x000000008c100000, 0x000000008c100000, 0x000000008c200000|  0%| F|  |TAMS 0x000000008c100000| PB 0x000000008c100000| Untracked |  0
| 194|0x000000008c200000, 0x000000008c200000, 0x000000008c300000|  0%| F|  |TAMS 0x000000008c200000| PB 0x000000008c200000| Untracked |  0
| 195|0x000000008c300000, 0x000000008c300000, 0x000000008c400000|  0%| F|  |TAMS 0x000000008c300000| PB 0x000000008c300000| Untracked |  0
| 196|0x000000008c400000, 0x000000008c400000, 0x000000008c500000|  0%| F|  |TAMS 0x000000008c400000| PB 0x000000008c400000| Untracked |  0
| 197|0x000000008c500000, 0x000000008c500000, 0x000000008c600000|  0%| F|  |TAMS 0x000000008c500000| PB 0x000000008c500000| Untracked |  0
| 198|0x000000008c600000, 0x000000008c600000, 0x000000008c700000|  0%| F|  |TAMS 0x000000008c600000| PB 0x000000008c600000| Untracked |  0
| 199|0x000000008c700000, 0x000000008c700000, 0x000000008c800000|  0%| F|  |TAMS 0x000000008c700000| PB 0x000000008c700000| Untracked |  0
| 200|0x000000008c800000, 0x000000008c800000, 0x000000008c900000|  0%| F|  |TAMS 0x000000008c800000| PB 0x000000008c800000| Untracked |  0
| 201|0x000000008c900000, 0x000000008c900000, 0x000000008ca00000|  0%| F|  |TAMS 0x000000008c900000| PB 0x000000008c900000| Untracked |  0
| 202|0x000000008ca00000, 0x000000008ca00000, 0x000000008cb00000|  0%| F|  |TAMS 0x000000008ca00000| PB 0x000000008ca00000| Untracked |  0
| 203|0x000000008cb00000, 0x000000008cb00000, 0x000000008cc00000|  0%| F|  |TAMS 0x000000008cb00000| PB 0x000000008cb00000| Untracked |  0
| 204|0x000000008cc00000, 0x000000008cc00000, 0x000000008cd00000|  0%| F|  |TAMS 0x000000008cc00000| PB 0x000000008cc00000| Untracked |  0
| 205|0x000000008cd00000, 0x000000008cd00000, 0x000000008ce00000|  0%| F|  |TAMS 0x000000008cd00000| PB 0x000000008cd00000| Untracked |  0
| 206|0x000000008ce00000, 0x000000008ce00000, 0x000000008cf00000|  0%| F|  |TAMS 0x000000008ce00000| PB 0x000000008ce00000| Untracked |  0
| 207|0x000000008cf00000, 0x000000008cf00000, 0x000000008d000000|  0%| F|  |TAMS 0x000000008cf00000| PB 0x000000008cf00000| Untracked |  0
| 208|0x000000008d000000, 0x000000008d000000, 0x000000008d100000|  0%| F|  |TAMS 0x000000008d000000| PB 0x000000008d000000| Untracked |  0
| 209|0x000000008d100000, 0x000000008d100000, 0x000000008d200000|  0%| F|  |TAMS 0x000000008d100000| PB 0x000000008d100000| Untracked |  0
| 210|0x000000008d200000, 0x000000008d200000, 0x000000008d300000|  0%| F|  |TAMS 0x000000008d200000| PB 0x000000008d200000| Untracked |  0
| 211|0x000000008d300000, 0x000000008d300000, 0x000000008d400000|  0%| F|  |TAMS 0x000000008d300000| PB 0x000000008d300000| Untracked |  0
| 212|0x000000008d400000, 0x000000008d400000, 0x000000008d500000|  0%| F|  |TAMS 0x000000008d400000| PB 0x000000008d400000| Untracked |  0
| 213|0x000000008d500000, 0x000000008d500000, 0x000000008d600000|  0%| F|  |TAMS 0x000000008d500000| PB 0x000000008d500000| Untracked |  0
| 214|0x000000008d600000, 0x000000008d600000, 0x000000008d700000|  0%| F|  |TAMS 0x000000008d600000| PB 0x000000008d600000| Untracked |  0
| 215|0x000000008d700000, 0x000000008d700000, 0x000000008d800000|  0%| F|  |TAMS 0x000000008d700000| PB 0x000000008d700000| Untracked |  0
| 216|0x000000008d800000, 0x000000008d800000, 0x000000008d900000|  0%| F|  |TAMS 0x000000008d800000| PB 0x000000008d800000| Untracked |  0
| 217|0x000000008d900000, 0x000000008d900000, 0x000000008da00000|  0%| F|  |TAMS 0x000000008d900000| PB 0x000000008d900000| Untracked |  0
| 218|0x000000008da00000, 0x000000008da00000, 0x000000008db00000|  0%| F|  |TAMS 0x000000008da00000| PB 0x000000008da00000| Untracked |  0
| 219|0x000000008db00000, 0x000000008db00000, 0x000000008dc00000|  0%| F|  |TAMS 0x000000008db00000| PB 0x000000008db00000| Untracked |  0
| 220|0x000000008dc00000, 0x000000008dc00000, 0x000000008dd00000|  0%| F|  |TAMS 0x000000008dc00000| PB 0x000000008dc00000| Untracked |  0
| 221|0x000000008dd00000, 0x000000008dd00000, 0x000000008de00000|  0%| F|  |TAMS 0x000000008dd00000| PB 0x000000008dd00000| Untracked |  0
| 222|0x000000008de00000, 0x000000008de00000, 0x000000008df00000|  0%| F|  |TAMS 0x000000008de00000| PB 0x000000008de00000| Untracked |  0
| 223|0x000000008df00000, 0x000000008df00000, 0x000000008e000000|  0%| F|  |TAMS 0x000000008df00000| PB 0x000000008df00000| Untracked |  0
| 224|0x000000008e000000, 0x000000008e000000, 0x000000008e100000|  0%| F|  |TAMS 0x000000008e000000| PB 0x000000008e000000| Untracked |  0
| 225|0x000000008e100000, 0x000000008e100000, 0x000000008e200000|  0%| F|  |TAMS 0x000000008e100000| PB 0x000000008e100000| Untracked |  0
| 226|0x000000008e200000, 0x000000008e200000, 0x000000008e300000|  0%| F|  |TAMS 0x000000008e200000| PB 0x000000008e200000| Untracked |  0
| 227|0x000000008e300000, 0x000000008e300000, 0x000000008e400000|  0%| F|  |TAMS 0x000000008e300000| PB 0x000000008e300000| Untracked |  0
| 228|0x000000008e400000, 0x000000008e400000, 0x000000008e500000|  0%| F|  |TAMS 0x000000008e400000| PB 0x000000008e400000| Untracked |  0
| 229|0x000000008e500000, 0x000000008e500000, 0x000000008e600000|  0%| F|  |TAMS 0x000000008e500000| PB 0x000000008e500000| Untracked |  0
| 230|0x000000008e600000, 0x000000008e600000, 0x000000008e700000|  0%| F|  |TAMS 0x000000008e600000| PB 0x000000008e600000| Untracked |  0
| 231|0x000000008e700000, 0x000000008e700000, 0x000000008e800000|  0%| F|  |TAMS 0x000000008e700000| PB 0x000000008e700000| Untracked |  0
| 232|0x000000008e800000, 0x000000008e800000, 0x000000008e900000|  0%| F|  |TAMS 0x000000008e800000| PB 0x000000008e800000| Untracked |  0
| 233|0x000000008e900000, 0x000000008e900000, 0x000000008ea00000|  0%| F|  |TAMS 0x000000008e900000| PB 0x000000008e900000| Untracked |  0
| 234|0x000000008ea00000, 0x000000008ea00000, 0x000000008eb00000|  0%| F|  |TAMS 0x000000008ea00000| PB 0x000000008ea00000| Untracked |  0
| 235|0x000000008eb00000, 0x000000008eb00000, 0x000000008ec00000|  0%| F|  |TAMS 0x000000008eb00000| PB 0x000000008eb00000| Untracked |  0
| 236|0x000000008ec00000, 0x000000008ec00000, 0x000000008ed00000|  0%| F|  |TAMS 0x000000008ec00000| PB 0x000000008ec00000| Untracked |  0
| 237|0x000000008ed00000, 0x000000008ed00000, 0x000000008ee00000|  0%| F|  |TAMS 0x000000008ed00000| PB 0x000000008ed00000| Untracked |  0
| 238|0x000000008ee00000, 0x000000008ee00000, 0x000000008ef00000|  0%| F|  |TAMS 0x000000008ee00000| PB 0x000000008ee00000| Untracked |  0
| 239|0x000000008ef00000, 0x000000008ef00000, 0x000000008f000000|  0%| F|  |TAMS 0x000000008ef00000| PB 0x000000008ef00000| Untracked |  0
| 240|0x000000008f000000, 0x000000008f000000, 0x000000008f100000|  0%| F|  |TAMS 0x000000008f000000| PB 0x000000008f000000| Untracked |  0
| 241|0x000000008f100000, 0x000000008f100000, 0x000000008f200000|  0%| F|  |TAMS 0x000000008f100000| PB 0x000000008f100000| Untracked |  0
| 242|0x000000008f200000, 0x000000008f200000, 0x000000008f300000|  0%| F|  |TAMS 0x000000008f200000| PB 0x000000008f200000| Untracked |  0
| 243|0x000000008f300000, 0x000000008f300000, 0x000000008f400000|  0%| F|  |TAMS 0x000000008f300000| PB 0x000000008f300000| Untracked |  0
| 244|0x000000008f400000, 0x000000008f400000, 0x000000008f500000|  0%| F|  |TAMS 0x000000008f400000| PB 0x000000008f400000| Untracked |  0
| 245|0x000000008f500000, 0x000000008f5c1938, 0x000000008f600000| 75%| S|CS|TAMS 0x000000008f500000| PB 0x000000008f500000| Complete |  0
| 246|0x000000008f600000, 0x000000008f700000, 0x000000008f700000|100%| S|CS|TAMS 0x000000008f600000| PB 0x000000008f600000| Complete |  0
| 247|0x000000008f700000, 0x000000008f800000, 0x000000008f800000|100%| S|CS|TAMS 0x000000008f700000| PB 0x000000008f700000| Complete |  0
| 248|0x000000008f800000, 0x000000008f900000, 0x000000008f900000|100%| S|CS|TAMS 0x000000008f800000| PB 0x000000008f800000| Complete |  0
| 249|0x000000008f900000, 0x000000008fa00000, 0x000000008fa00000|100%| S|CS|TAMS 0x000000008f900000| PB 0x000000008f900000| Complete |  0
| 250|0x000000008fa00000, 0x000000008fb00000, 0x000000008fb00000|100%| S|CS|TAMS 0x000000008fa00000| PB 0x000000008fa00000| Complete |  0
| 251|0x000000008fb00000, 0x000000008fc00000, 0x000000008fc00000|100%| S|CS|TAMS 0x000000008fb00000| PB 0x000000008fb00000| Complete |  0
| 252|0x000000008fc00000, 0x000000008fd00000, 0x000000008fd00000|100%| S|CS|TAMS 0x000000008fc00000| PB 0x000000008fc00000| Complete |  0
| 253|0x000000008fd00000, 0x000000008fe00000, 0x000000008fe00000|100%| S|CS|TAMS 0x000000008fd00000| PB 0x000000008fd00000| Complete |  0
| 254|0x000000008fe00000, 0x000000008ff00000, 0x000000008ff00000|100%| S|CS|TAMS 0x000000008fe00000| PB 0x000000008fe00000| Complete |  0
| 255|0x000000008ff00000, 0x0000000090000000, 0x0000000090000000|100%| S|CS|TAMS 0x000000008ff00000| PB 0x000000008ff00000| Complete |  0
| 256|0x0000000090000000, 0x0000000090100000, 0x0000000090100000|100%| S|CS|TAMS 0x0000000090000000| PB 0x0000000090000000| Complete |  0
| 257|0x0000000090100000, 0x0000000090200000, 0x0000000090200000|100%| S|CS|TAMS 0x0000000090100000| PB 0x0000000090100000| Complete |  0
| 258|0x0000000090200000, 0x0000000090300000, 0x0000000090300000|100%| S|CS|TAMS 0x0000000090200000| PB 0x0000000090200000| Complete |  0
| 259|0x0000000090300000, 0x0000000090300000, 0x0000000090400000|  0%| F|  |TAMS 0x0000000090300000| PB 0x0000000090300000| Untracked |  0
| 260|0x0000000090400000, 0x0000000090400000, 0x0000000090500000|  0%| F|  |TAMS 0x0000000090400000| PB 0x0000000090400000| Untracked |  0
| 261|0x0000000090500000, 0x0000000090500000, 0x0000000090600000|  0%| F|  |TAMS 0x0000000090500000| PB 0x0000000090500000| Untracked |  0
| 262|0x0000000090600000, 0x0000000090600000, 0x0000000090700000|  0%| F|  |TAMS 0x0000000090600000| PB 0x0000000090600000| Untracked |  0
| 263|0x0000000090700000, 0x0000000090700000, 0x0000000090800000|  0%| F|  |TAMS 0x0000000090700000| PB 0x0000000090700000| Untracked |  0
| 264|0x0000000090800000, 0x0000000090800000, 0x0000000090900000|  0%| F|  |TAMS 0x0000000090800000| PB 0x0000000090800000| Untracked |  0
| 265|0x0000000090900000, 0x0000000090900000, 0x0000000090a00000|  0%| F|  |TAMS 0x0000000090900000| PB 0x0000000090900000| Untracked |  0
| 266|0x0000000090a00000, 0x0000000090a00000, 0x0000000090b00000|  0%| F|  |TAMS 0x0000000090a00000| PB 0x0000000090a00000| Untracked |  0
| 267|0x0000000090b00000, 0x0000000090b00000, 0x0000000090c00000|  0%| F|  |TAMS 0x0000000090b00000| PB 0x0000000090b00000| Untracked |  0
| 268|0x0000000090c00000, 0x0000000090c00000, 0x0000000090d00000|  0%| F|  |TAMS 0x0000000090c00000| PB 0x0000000090c00000| Untracked |  0
| 269|0x0000000090d00000, 0x0000000090d00000, 0x0000000090e00000|  0%| F|  |TAMS 0x0000000090d00000| PB 0x0000000090d00000| Untracked |  0
| 270|0x0000000090e00000, 0x0000000090e00000, 0x0000000090f00000|  0%| F|  |TAMS 0x0000000090e00000| PB 0x0000000090e00000| Untracked |  0
| 271|0x0000000090f00000, 0x0000000090f00000, 0x0000000091000000|  0%| F|  |TAMS 0x0000000090f00000| PB 0x0000000090f00000| Untracked |  0
| 272|0x0000000091000000, 0x0000000091000000, 0x0000000091100000|  0%| F|  |TAMS 0x0000000091000000| PB 0x0000000091000000| Untracked |  0
| 273|0x0000000091100000, 0x0000000091100000, 0x0000000091200000|  0%| F|  |TAMS 0x0000000091100000| PB 0x0000000091100000| Untracked |  0
| 274|0x0000000091200000, 0x0000000091300000, 0x0000000091300000|100%| S|CS|TAMS 0x0000000091200000| PB 0x0000000091200000| Complete |  0
| 275|0x0000000091300000, 0x0000000091400000, 0x0000000091400000|100%| S|CS|TAMS 0x0000000091300000| PB 0x0000000091300000| Complete |  0
| 276|0x0000000091400000, 0x0000000091400000, 0x0000000091500000|  0%| F|  |TAMS 0x0000000091400000| PB 0x0000000091400000| Untracked |  0
| 277|0x0000000091500000, 0x0000000091500000, 0x0000000091600000|  0%| F|  |TAMS 0x0000000091500000| PB 0x0000000091500000| Untracked |  0
| 278|0x0000000091600000, 0x0000000091600000, 0x0000000091700000|  0%| F|  |TAMS 0x0000000091600000| PB 0x0000000091600000| Untracked |  0
| 279|0x0000000091700000, 0x0000000091700000, 0x0000000091800000|  0%| F|  |TAMS 0x0000000091700000| PB 0x0000000091700000| Untracked |  0
| 280|0x0000000091800000, 0x0000000091800000, 0x0000000091900000|  0%| F|  |TAMS 0x0000000091800000| PB 0x0000000091800000| Untracked |  0
| 281|0x0000000091900000, 0x0000000091900000, 0x0000000091a00000|  0%| F|  |TAMS 0x0000000091900000| PB 0x0000000091900000| Untracked |  0
| 282|0x0000000091a00000, 0x0000000091a00000, 0x0000000091b00000|  0%| F|  |TAMS 0x0000000091a00000| PB 0x0000000091a00000| Untracked |  0
| 283|0x0000000091b00000, 0x0000000091b00000, 0x0000000091c00000|  0%| F|  |TAMS 0x0000000091b00000| PB 0x0000000091b00000| Untracked |  0
| 284|0x0000000091c00000, 0x0000000091c00000, 0x0000000091d00000|  0%| F|  |TAMS 0x0000000091c00000| PB 0x0000000091c00000| Untracked |  0
| 285|0x0000000091d00000, 0x0000000091d00000, 0x0000000091e00000|  0%| F|  |TAMS 0x0000000091d00000| PB 0x0000000091d00000| Untracked |  0
| 286|0x0000000091e00000, 0x0000000091e00000, 0x0000000091f00000|  0%| F|  |TAMS 0x0000000091e00000| PB 0x0000000091e00000| Untracked |  0
| 287|0x0000000091f00000, 0x0000000091f00000, 0x0000000092000000|  0%| F|  |TAMS 0x0000000091f00000| PB 0x0000000091f00000| Untracked |  0
| 288|0x0000000092000000, 0x0000000092000000, 0x0000000092100000|  0%| F|  |TAMS 0x0000000092000000| PB 0x0000000092000000| Untracked |  0
| 289|0x0000000092100000, 0x0000000092100000, 0x0000000092200000|  0%| F|  |TAMS 0x0000000092100000| PB 0x0000000092100000| Untracked |  0
| 290|0x0000000092200000, 0x0000000092200000, 0x0000000092300000|  0%| F|  |TAMS 0x0000000092200000| PB 0x0000000092200000| Untracked |  0
| 291|0x0000000092300000, 0x0000000092300000, 0x0000000092400000|  0%| F|  |TAMS 0x0000000092300000| PB 0x0000000092300000| Untracked |  0
| 292|0x0000000092400000, 0x0000000092400000, 0x0000000092500000|  0%| F|  |TAMS 0x0000000092400000| PB 0x0000000092400000| Untracked |  0
| 293|0x0000000092500000, 0x0000000092500000, 0x0000000092600000|  0%| F|  |TAMS 0x0000000092500000| PB 0x0000000092500000| Untracked |  0
| 294|0x0000000092600000, 0x0000000092600000, 0x0000000092700000|  0%| F|  |TAMS 0x0000000092600000| PB 0x0000000092600000| Untracked |  0
| 295|0x0000000092700000, 0x0000000092700000, 0x0000000092800000|  0%| F|  |TAMS 0x0000000092700000| PB 0x0000000092700000| Untracked |  0
| 296|0x0000000092800000, 0x0000000092800000, 0x0000000092900000|  0%| F|  |TAMS 0x0000000092800000| PB 0x0000000092800000| Untracked |  0
| 297|0x0000000092900000, 0x0000000092900000, 0x0000000092a00000|  0%| F|  |TAMS 0x0000000092900000| PB 0x0000000092900000| Untracked |  0
| 298|0x0000000092a00000, 0x0000000092a00000, 0x0000000092b00000|  0%| F|  |TAMS 0x0000000092a00000| PB 0x0000000092a00000| Untracked |  0
| 299|0x0000000092b00000, 0x0000000092b00000, 0x0000000092c00000|  0%| F|  |TAMS 0x0000000092b00000| PB 0x0000000092b00000| Untracked |  0
| 300|0x0000000092c00000, 0x0000000092c00000, 0x0000000092d00000|  0%| F|  |TAMS 0x0000000092c00000| PB 0x0000000092c00000| Untracked |  0
| 301|0x0000000092d00000, 0x0000000092d00000, 0x0000000092e00000|  0%| F|  |TAMS 0x0000000092d00000| PB 0x0000000092d00000| Untracked |  0
| 302|0x0000000092e00000, 0x0000000092e00000, 0x0000000092f00000|  0%| F|  |TAMS 0x0000000092e00000| PB 0x0000000092e00000| Untracked |  0
| 303|0x0000000092f00000, 0x0000000092f00000, 0x0000000093000000|  0%| F|  |TAMS 0x0000000092f00000| PB 0x0000000092f00000| Untracked |  0
| 304|0x0000000093000000, 0x0000000093000000, 0x0000000093100000|  0%| F|  |TAMS 0x0000000093000000| PB 0x0000000093000000| Untracked |  0
| 305|0x0000000093100000, 0x0000000093100000, 0x0000000093200000|  0%| F|  |TAMS 0x0000000093100000| PB 0x0000000093100000| Untracked |  0
| 306|0x0000000093200000, 0x0000000093200000, 0x0000000093300000|  0%| F|  |TAMS 0x0000000093200000| PB 0x0000000093200000| Untracked |  0
| 307|0x0000000093300000, 0x0000000093300000, 0x0000000093400000|  0%| F|  |TAMS 0x0000000093300000| PB 0x0000000093300000| Untracked |  0
| 308|0x0000000093400000, 0x0000000093400000, 0x0000000093500000|  0%| F|  |TAMS 0x0000000093400000| PB 0x0000000093400000| Untracked |  0
| 309|0x0000000093500000, 0x0000000093500000, 0x0000000093600000|  0%| F|  |TAMS 0x0000000093500000| PB 0x0000000093500000| Untracked |  0
| 310|0x0000000093600000, 0x0000000093600000, 0x0000000093700000|  0%| F|  |TAMS 0x0000000093600000| PB 0x0000000093600000| Untracked |  0
| 311|0x0000000093700000, 0x0000000093700000, 0x0000000093800000|  0%| F|  |TAMS 0x0000000093700000| PB 0x0000000093700000| Untracked |  0
| 312|0x0000000093800000, 0x0000000093800000, 0x0000000093900000|  0%| F|  |TAMS 0x0000000093800000| PB 0x0000000093800000| Untracked |  0
| 313|0x0000000093900000, 0x0000000093900000, 0x0000000093a00000|  0%| F|  |TAMS 0x0000000093900000| PB 0x0000000093900000| Untracked |  0
| 314|0x0000000093a00000, 0x0000000093a00000, 0x0000000093b00000|  0%| F|  |TAMS 0x0000000093a00000| PB 0x0000000093a00000| Untracked |  0
| 315|0x0000000093b00000, 0x0000000093b00000, 0x0000000093c00000|  0%| F|  |TAMS 0x0000000093b00000| PB 0x0000000093b00000| Untracked |  0
| 316|0x0000000093c00000, 0x0000000093c00000, 0x0000000093d00000|  0%| F|  |TAMS 0x0000000093c00000| PB 0x0000000093c00000| Untracked |  0
| 317|0x0000000093d00000, 0x0000000093d00000, 0x0000000093e00000|  0%| F|  |TAMS 0x0000000093d00000| PB 0x0000000093d00000| Untracked |  0
| 318|0x0000000093e00000, 0x0000000093e00000, 0x0000000093f00000|  0%| F|  |TAMS 0x0000000093e00000| PB 0x0000000093e00000| Untracked |  0
| 319|0x0000000093f00000, 0x0000000093f00000, 0x0000000094000000|  0%| F|  |TAMS 0x0000000093f00000| PB 0x0000000093f00000| Untracked |  0
| 320|0x0000000094000000, 0x0000000094000000, 0x0000000094100000|  0%| F|  |TAMS 0x0000000094000000| PB 0x0000000094000000| Untracked |  0
| 321|0x0000000094100000, 0x0000000094100000, 0x0000000094200000|  0%| F|  |TAMS 0x0000000094100000| PB 0x0000000094100000| Untracked |  0
| 322|0x0000000094200000, 0x0000000094200000, 0x0000000094300000|  0%| F|  |TAMS 0x0000000094200000| PB 0x0000000094200000| Untracked |  0
| 323|0x0000000094300000, 0x0000000094300000, 0x0000000094400000|  0%| F|  |TAMS 0x0000000094300000| PB 0x0000000094300000| Untracked |  0
| 324|0x0000000094400000, 0x0000000094400000, 0x0000000094500000|  0%| F|  |TAMS 0x0000000094400000| PB 0x0000000094400000| Untracked |  0
| 325|0x0000000094500000, 0x0000000094500000, 0x0000000094600000|  0%| F|  |TAMS 0x0000000094500000| PB 0x0000000094500000| Untracked |  0
| 326|0x0000000094600000, 0x0000000094600000, 0x0000000094700000|  0%| F|  |TAMS 0x0000000094600000| PB 0x0000000094600000| Untracked |  0
| 327|0x0000000094700000, 0x0000000094700000, 0x0000000094800000|  0%| F|  |TAMS 0x0000000094700000| PB 0x0000000094700000| Untracked |  0
| 328|0x0000000094800000, 0x0000000094800000, 0x0000000094900000|  0%| F|  |TAMS 0x0000000094800000| PB 0x0000000094800000| Untracked |  0
| 329|0x0000000094900000, 0x0000000094900000, 0x0000000094a00000|  0%| F|  |TAMS 0x0000000094900000| PB 0x0000000094900000| Untracked |  0
| 330|0x0000000094a00000, 0x0000000094a00000, 0x0000000094b00000|  0%| F|  |TAMS 0x0000000094a00000| PB 0x0000000094a00000| Untracked |  0
| 331|0x0000000094b00000, 0x0000000094b00000, 0x0000000094c00000|  0%| F|  |TAMS 0x0000000094b00000| PB 0x0000000094b00000| Untracked |  0
| 332|0x0000000094c00000, 0x0000000094c00000, 0x0000000094d00000|  0%| F|  |TAMS 0x0000000094c00000| PB 0x0000000094c00000| Untracked |  0
| 333|0x0000000094d00000, 0x0000000094d00000, 0x0000000094e00000|  0%| F|  |TAMS 0x0000000094d00000| PB 0x0000000094d00000| Untracked |  0
| 334|0x0000000094e00000, 0x0000000094e00000, 0x0000000094f00000|  0%| F|  |TAMS 0x0000000094e00000| PB 0x0000000094e00000| Untracked |  0
| 335|0x0000000094f00000, 0x0000000094f00000, 0x0000000095000000|  0%| F|  |TAMS 0x0000000094f00000| PB 0x0000000094f00000| Untracked |  0
| 336|0x0000000095000000, 0x0000000095000000, 0x0000000095100000|  0%| F|  |TAMS 0x0000000095000000| PB 0x0000000095000000| Untracked |  0
| 337|0x0000000095100000, 0x0000000095100000, 0x0000000095200000|  0%| F|  |TAMS 0x0000000095100000| PB 0x0000000095100000| Untracked |  0
| 338|0x0000000095200000, 0x0000000095200000, 0x0000000095300000|  0%| F|  |TAMS 0x0000000095200000| PB 0x0000000095200000| Untracked |  0
| 339|0x0000000095300000, 0x0000000095300000, 0x0000000095400000|  0%| F|  |TAMS 0x0000000095300000| PB 0x0000000095300000| Untracked |  0
| 340|0x0000000095400000, 0x0000000095400000, 0x0000000095500000|  0%| F|  |TAMS 0x0000000095400000| PB 0x0000000095400000| Untracked |  0
| 341|0x0000000095500000, 0x0000000095500000, 0x0000000095600000|  0%| F|  |TAMS 0x0000000095500000| PB 0x0000000095500000| Untracked |  0
| 342|0x0000000095600000, 0x0000000095600000, 0x0000000095700000|  0%| F|  |TAMS 0x0000000095600000| PB 0x0000000095600000| Untracked |  0
| 343|0x0000000095700000, 0x0000000095700000, 0x0000000095800000|  0%| F|  |TAMS 0x0000000095700000| PB 0x0000000095700000| Untracked |  0
| 344|0x0000000095800000, 0x0000000095800000, 0x0000000095900000|  0%| F|  |TAMS 0x0000000095800000| PB 0x0000000095800000| Untracked |  0
| 345|0x0000000095900000, 0x0000000095900000, 0x0000000095a00000|  0%| F|  |TAMS 0x0000000095900000| PB 0x0000000095900000| Untracked |  0
| 346|0x0000000095a00000, 0x0000000095a00000, 0x0000000095b00000|  0%| F|  |TAMS 0x0000000095a00000| PB 0x0000000095a00000| Untracked |  0
| 347|0x0000000095b00000, 0x0000000095b00000, 0x0000000095c00000|  0%| F|  |TAMS 0x0000000095b00000| PB 0x0000000095b00000| Untracked |  0
| 348|0x0000000095c00000, 0x0000000095c00000, 0x0000000095d00000|  0%| F|  |TAMS 0x0000000095c00000| PB 0x0000000095c00000| Untracked |  0
| 349|0x0000000095d00000, 0x0000000095d00000, 0x0000000095e00000|  0%| F|  |TAMS 0x0000000095d00000| PB 0x0000000095d00000| Untracked |  0
| 350|0x0000000095e00000, 0x0000000095e00000, 0x0000000095f00000|  0%| F|  |TAMS 0x0000000095e00000| PB 0x0000000095e00000| Untracked |  0
| 351|0x0000000095f00000, 0x0000000095f00000, 0x0000000096000000|  0%| F|  |TAMS 0x0000000095f00000| PB 0x0000000095f00000| Untracked |  0
| 352|0x0000000096000000, 0x0000000096000000, 0x0000000096100000|  0%| F|  |TAMS 0x0000000096000000| PB 0x0000000096000000| Untracked |  0
| 353|0x0000000096100000, 0x0000000096100000, 0x0000000096200000|  0%| F|  |TAMS 0x0000000096100000| PB 0x0000000096100000| Untracked |  0
| 354|0x0000000096200000, 0x0000000096200000, 0x0000000096300000|  0%| F|  |TAMS 0x0000000096200000| PB 0x0000000096200000| Untracked |  0
| 355|0x0000000096300000, 0x0000000096300000, 0x0000000096400000|  0%| F|  |TAMS 0x0000000096300000| PB 0x0000000096300000| Untracked |  0
| 356|0x0000000096400000, 0x0000000096400000, 0x0000000096500000|  0%| F|  |TAMS 0x0000000096400000| PB 0x0000000096400000| Untracked |  0
| 357|0x0000000096500000, 0x0000000096500000, 0x0000000096600000|  0%| F|  |TAMS 0x0000000096500000| PB 0x0000000096500000| Untracked |  0
| 358|0x0000000096600000, 0x0000000096600000, 0x0000000096700000|  0%| F|  |TAMS 0x0000000096600000| PB 0x0000000096600000| Untracked |  0
| 359|0x0000000096700000, 0x0000000096700000, 0x0000000096800000|  0%| F|  |TAMS 0x0000000096700000| PB 0x0000000096700000| Untracked |  0
| 360|0x0000000096800000, 0x0000000096800000, 0x0000000096900000|  0%| F|  |TAMS 0x0000000096800000| PB 0x0000000096800000| Untracked |  0
| 361|0x0000000096900000, 0x0000000096900000, 0x0000000096a00000|  0%| F|  |TAMS 0x0000000096900000| PB 0x0000000096900000| Untracked |  0
| 362|0x0000000096a00000, 0x0000000096a00000, 0x0000000096b00000|  0%| F|  |TAMS 0x0000000096a00000| PB 0x0000000096a00000| Untracked |  0
| 363|0x0000000096b00000, 0x0000000096b00000, 0x0000000096c00000|  0%| F|  |TAMS 0x0000000096b00000| PB 0x0000000096b00000| Untracked |  0
| 364|0x0000000096c00000, 0x0000000096c00000, 0x0000000096d00000|  0%| F|  |TAMS 0x0000000096c00000| PB 0x0000000096c00000| Untracked |  0
| 365|0x0000000096d00000, 0x0000000096d00000, 0x0000000096e00000|  0%| F|  |TAMS 0x0000000096d00000| PB 0x0000000096d00000| Untracked |  0
| 366|0x0000000096e00000, 0x0000000096e00000, 0x0000000096f00000|  0%| F|  |TAMS 0x0000000096e00000| PB 0x0000000096e00000| Untracked |  0
| 367|0x0000000096f00000, 0x0000000096f00000, 0x0000000097000000|  0%| F|  |TAMS 0x0000000096f00000| PB 0x0000000096f00000| Untracked |  0
| 368|0x0000000097000000, 0x0000000097000000, 0x0000000097100000|  0%| F|  |TAMS 0x0000000097000000| PB 0x0000000097000000| Untracked |  0
| 369|0x0000000097100000, 0x0000000097100000, 0x0000000097200000|  0%| F|  |TAMS 0x0000000097100000| PB 0x0000000097100000| Untracked |  0
| 370|0x0000000097200000, 0x0000000097200000, 0x0000000097300000|  0%| F|  |TAMS 0x0000000097200000| PB 0x0000000097200000| Untracked |  0
| 371|0x0000000097300000, 0x0000000097300000, 0x0000000097400000|  0%| F|  |TAMS 0x0000000097300000| PB 0x0000000097300000| Untracked |  0
| 372|0x0000000097400000, 0x0000000097400000, 0x0000000097500000|  0%| F|  |TAMS 0x0000000097400000| PB 0x0000000097400000| Untracked |  0
| 373|0x0000000097500000, 0x0000000097500000, 0x0000000097600000|  0%| F|  |TAMS 0x0000000097500000| PB 0x0000000097500000| Untracked |  0
| 374|0x0000000097600000, 0x0000000097600000, 0x0000000097700000|  0%| F|  |TAMS 0x0000000097600000| PB 0x0000000097600000| Untracked |  0
| 375|0x0000000097700000, 0x0000000097700000, 0x0000000097800000|  0%| F|  |TAMS 0x0000000097700000| PB 0x0000000097700000| Untracked |  0
| 376|0x0000000097800000, 0x0000000097800000, 0x0000000097900000|  0%| F|  |TAMS 0x0000000097800000| PB 0x0000000097800000| Untracked |  0
| 377|0x0000000097900000, 0x0000000097900000, 0x0000000097a00000|  0%| F|  |TAMS 0x0000000097900000| PB 0x0000000097900000| Untracked |  0
| 378|0x0000000097a00000, 0x0000000097a00000, 0x0000000097b00000|  0%| F|  |TAMS 0x0000000097a00000| PB 0x0000000097a00000| Untracked |  0
| 379|0x0000000097b00000, 0x0000000097b00000, 0x0000000097c00000|  0%| F|  |TAMS 0x0000000097b00000| PB 0x0000000097b00000| Untracked |  0
| 380|0x0000000097c00000, 0x0000000097c00000, 0x0000000097d00000|  0%| F|  |TAMS 0x0000000097c00000| PB 0x0000000097c00000| Untracked |  0
| 381|0x0000000097d00000, 0x0000000097d00000, 0x0000000097e00000|  0%| F|  |TAMS 0x0000000097d00000| PB 0x0000000097d00000| Untracked |  0
| 382|0x0000000097e00000, 0x0000000097e00000, 0x0000000097f00000|  0%| F|  |TAMS 0x0000000097e00000| PB 0x0000000097e00000| Untracked |  0
| 383|0x0000000097f00000, 0x0000000097f00000, 0x0000000098000000|  0%| F|  |TAMS 0x0000000097f00000| PB 0x0000000097f00000| Untracked |  0
| 384|0x0000000098000000, 0x0000000098000000, 0x0000000098100000|  0%| F|  |TAMS 0x0000000098000000| PB 0x0000000098000000| Untracked |  0
| 385|0x0000000098100000, 0x0000000098100000, 0x0000000098200000|  0%| F|  |TAMS 0x0000000098100000| PB 0x0000000098100000| Untracked |  0
| 386|0x0000000098200000, 0x0000000098200000, 0x0000000098300000|  0%| F|  |TAMS 0x0000000098200000| PB 0x0000000098200000| Untracked |  0
| 387|0x0000000098300000, 0x0000000098300000, 0x0000000098400000|  0%| F|  |TAMS 0x0000000098300000| PB 0x0000000098300000| Untracked |  0
| 388|0x0000000098400000, 0x0000000098400000, 0x0000000098500000|  0%| F|  |TAMS 0x0000000098400000| PB 0x0000000098400000| Untracked |  0
| 389|0x0000000098500000, 0x0000000098500000, 0x0000000098600000|  0%| F|  |TAMS 0x0000000098500000| PB 0x0000000098500000| Untracked |  0
| 390|0x0000000098600000, 0x0000000098600000, 0x0000000098700000|  0%| F|  |TAMS 0x0000000098600000| PB 0x0000000098600000| Untracked |  0
| 391|0x0000000098700000, 0x0000000098700000, 0x0000000098800000|  0%| F|  |TAMS 0x0000000098700000| PB 0x0000000098700000| Untracked |  0
| 392|0x0000000098800000, 0x0000000098800000, 0x0000000098900000|  0%| F|  |TAMS 0x0000000098800000| PB 0x0000000098800000| Untracked |  0
| 393|0x0000000098900000, 0x0000000098900000, 0x0000000098a00000|  0%| F|  |TAMS 0x0000000098900000| PB 0x0000000098900000| Untracked |  0
| 394|0x0000000098a00000, 0x0000000098a00000, 0x0000000098b00000|  0%| F|  |TAMS 0x0000000098a00000| PB 0x0000000098a00000| Untracked |  0
| 395|0x0000000098b00000, 0x0000000098b00000, 0x0000000098c00000|  0%| F|  |TAMS 0x0000000098b00000| PB 0x0000000098b00000| Untracked |  0
| 396|0x0000000098c00000, 0x0000000098c00000, 0x0000000098d00000|  0%| F|  |TAMS 0x0000000098c00000| PB 0x0000000098c00000| Untracked |  0
| 397|0x0000000098d00000, 0x0000000098d00000, 0x0000000098e00000|  0%| F|  |TAMS 0x0000000098d00000| PB 0x0000000098d00000| Untracked |  0
| 398|0x0000000098e00000, 0x0000000098e00000, 0x0000000098f00000|  0%| F|  |TAMS 0x0000000098e00000| PB 0x0000000098e00000| Untracked |  0
| 399|0x0000000098f00000, 0x0000000098f00000, 0x0000000099000000|  0%| F|  |TAMS 0x0000000098f00000| PB 0x0000000098f00000| Untracked |  0
| 400|0x0000000099000000, 0x0000000099000000, 0x0000000099100000|  0%| F|  |TAMS 0x0000000099000000| PB 0x0000000099000000| Untracked |  0
| 401|0x0000000099100000, 0x0000000099100000, 0x0000000099200000|  0%| F|  |TAMS 0x0000000099100000| PB 0x0000000099100000| Untracked |  0
| 402|0x0000000099200000, 0x0000000099200000, 0x0000000099300000|  0%| F|  |TAMS 0x0000000099200000| PB 0x0000000099200000| Untracked |  0
| 403|0x0000000099300000, 0x0000000099300000, 0x0000000099400000|  0%| F|  |TAMS 0x0000000099300000| PB 0x0000000099300000| Untracked |  0
| 404|0x0000000099400000, 0x0000000099400000, 0x0000000099500000|  0%| F|  |TAMS 0x0000000099400000| PB 0x0000000099400000| Untracked |  0
| 405|0x0000000099500000, 0x0000000099500000, 0x0000000099600000|  0%| F|  |TAMS 0x0000000099500000| PB 0x0000000099500000| Untracked |  0
| 406|0x0000000099600000, 0x0000000099600000, 0x0000000099700000|  0%| F|  |TAMS 0x0000000099600000| PB 0x0000000099600000| Untracked |  0
| 407|0x0000000099700000, 0x0000000099700000, 0x0000000099800000|  0%| F|  |TAMS 0x0000000099700000| PB 0x0000000099700000| Untracked |  0
| 408|0x0000000099800000, 0x0000000099800000, 0x0000000099900000|  0%| F|  |TAMS 0x0000000099800000| PB 0x0000000099800000| Untracked |  0
| 409|0x0000000099900000, 0x0000000099900000, 0x0000000099a00000|  0%| F|  |TAMS 0x0000000099900000| PB 0x0000000099900000| Untracked |  0
| 410|0x0000000099a00000, 0x0000000099a00000, 0x0000000099b00000|  0%| F|  |TAMS 0x0000000099a00000| PB 0x0000000099a00000| Untracked |  0
| 411|0x0000000099b00000, 0x0000000099b00000, 0x0000000099c00000|  0%| F|  |TAMS 0x0000000099b00000| PB 0x0000000099b00000| Untracked |  0
| 412|0x0000000099c00000, 0x0000000099c00000, 0x0000000099d00000|  0%| F|  |TAMS 0x0000000099c00000| PB 0x0000000099c00000| Untracked |  0
| 413|0x0000000099d00000, 0x0000000099d00000, 0x0000000099e00000|  0%| F|  |TAMS 0x0000000099d00000| PB 0x0000000099d00000| Untracked |  0
| 414|0x0000000099e00000, 0x0000000099e00000, 0x0000000099f00000|  0%| F|  |TAMS 0x0000000099e00000| PB 0x0000000099e00000| Untracked |  0
| 415|0x0000000099f00000, 0x0000000099f00000, 0x000000009a000000|  0%| F|  |TAMS 0x0000000099f00000| PB 0x0000000099f00000| Untracked |  0
| 416|0x000000009a000000, 0x000000009a000000, 0x000000009a100000|  0%| F|  |TAMS 0x000000009a000000| PB 0x000000009a000000| Untracked |  0
| 417|0x000000009a100000, 0x000000009a100000, 0x000000009a200000|  0%| F|  |TAMS 0x000000009a100000| PB 0x000000009a100000| Untracked |  0
| 418|0x000000009a200000, 0x000000009a200000, 0x000000009a300000|  0%| F|  |TAMS 0x000000009a200000| PB 0x000000009a200000| Untracked |  0
| 419|0x000000009a300000, 0x000000009a300000, 0x000000009a400000|  0%| F|  |TAMS 0x000000009a300000| PB 0x000000009a300000| Untracked |  0
| 420|0x000000009a400000, 0x000000009a400000, 0x000000009a500000|  0%| F|  |TAMS 0x000000009a400000| PB 0x000000009a400000| Untracked |  0
| 421|0x000000009a500000, 0x000000009a500000, 0x000000009a600000|  0%| F|  |TAMS 0x000000009a500000| PB 0x000000009a500000| Untracked |  0
| 422|0x000000009a600000, 0x000000009a600000, 0x000000009a700000|  0%| F|  |TAMS 0x000000009a600000| PB 0x000000009a600000| Untracked |  0
| 423|0x000000009a700000, 0x000000009a700000, 0x000000009a800000|  0%| F|  |TAMS 0x000000009a700000| PB 0x000000009a700000| Untracked |  0
| 424|0x000000009a800000, 0x000000009a800000, 0x000000009a900000|  0%| F|  |TAMS 0x000000009a800000| PB 0x000000009a800000| Untracked |  0
| 425|0x000000009a900000, 0x000000009a900000, 0x000000009aa00000|  0%| F|  |TAMS 0x000000009a900000| PB 0x000000009a900000| Untracked |  0
| 426|0x000000009aa00000, 0x000000009aa00000, 0x000000009ab00000|  0%| F|  |TAMS 0x000000009aa00000| PB 0x000000009aa00000| Untracked |  0
| 427|0x000000009ab00000, 0x000000009ab00000, 0x000000009ac00000|  0%| F|  |TAMS 0x000000009ab00000| PB 0x000000009ab00000| Untracked |  0
| 428|0x000000009ac00000, 0x000000009ac00000, 0x000000009ad00000|  0%| F|  |TAMS 0x000000009ac00000| PB 0x000000009ac00000| Untracked |  0
| 429|0x000000009ad00000, 0x000000009ad00000, 0x000000009ae00000|  0%| F|  |TAMS 0x000000009ad00000| PB 0x000000009ad00000| Untracked |  0
| 430|0x000000009ae00000, 0x000000009ae45fb0, 0x000000009af00000| 27%| E|  |TAMS 0x000000009ae00000| PB 0x000000009ae00000| Complete |  0
| 431|0x000000009af00000, 0x000000009b000000, 0x000000009b000000|100%| E|CS|TAMS 0x000000009af00000| PB 0x000000009af00000| Complete |  0
|2010|0x00000000fda00000, 0x00000000fdb00000, 0x00000000fdb00000|100%| E|CS|TAMS 0x00000000fda00000| PB 0x00000000fda00000| Complete |  0
|2031|0x00000000fef00000, 0x00000000ff000000, 0x00000000ff000000|100%| O|  |TAMS 0x00000000fef00000| PB 0x00000000fef00000| Untracked |  0
|2032|0x00000000ff000000, 0x00000000ff100000, 0x00000000ff100000|100%| E|CS|TAMS 0x00000000ff000000| PB 0x00000000ff000000| Complete |  0
|2033|0x00000000ff100000, 0x00000000ff200000, 0x00000000ff200000|100%| E|CS|TAMS 0x00000000ff100000| PB 0x00000000ff100000| Complete |  0
|2034|0x00000000ff200000, 0x00000000ff300000, 0x00000000ff300000|100%| E|CS|TAMS 0x00000000ff200000| PB 0x00000000ff200000| Complete |  0
|2035|0x00000000ff300000, 0x00000000ff400000, 0x00000000ff400000|100%| E|CS|TAMS 0x00000000ff300000| PB 0x00000000ff300000| Complete |  0
|2036|0x00000000ff400000, 0x00000000ff500000, 0x00000000ff500000|100%| E|CS|TAMS 0x00000000ff400000| PB 0x00000000ff400000| Complete |  0
|2037|0x00000000ff500000, 0x00000000ff600000, 0x00000000ff600000|100%| E|CS|TAMS 0x00000000ff500000| PB 0x00000000ff500000| Complete |  0
|2038|0x00000000ff600000, 0x00000000ff700000, 0x00000000ff700000|100%| E|CS|TAMS 0x00000000ff600000| PB 0x00000000ff600000| Complete |  0
|2039|0x00000000ff700000, 0x00000000ff800000, 0x00000000ff800000|100%| E|CS|TAMS 0x00000000ff700000| PB 0x00000000ff700000| Complete |  0
|2040|0x00000000ff800000, 0x00000000ff900000, 0x00000000ff900000|100%| O|  |TAMS 0x00000000ff800000| PB 0x00000000ff800000| Untracked |  0
|2041|0x00000000ff900000, 0x00000000ffa00000, 0x00000000ffa00000|100%| O|  |TAMS 0x00000000ff900000| PB 0x00000000ff900000| Untracked |  0
|2042|0x00000000ffa00000, 0x00000000ffb00000, 0x00000000ffb00000|100%| O|  |TAMS 0x00000000ffa00000| PB 0x00000000ffa00000| Untracked |  0
|2043|0x00000000ffb00000, 0x00000000ffc00000, 0x00000000ffc00000|100%| O|  |TAMS 0x00000000ffb00000| PB 0x00000000ffb00000| Untracked |  0
|2044|0x00000000ffc00000, 0x00000000ffd00000, 0x00000000ffd00000|100%| O|  |TAMS 0x00000000ffc00000| PB 0x00000000ffc00000| Untracked |  0
|2045|0x00000000ffd00000, 0x00000000ffe00000, 0x00000000ffe00000|100%| O|  |TAMS 0x00000000ffd00000| PB 0x00000000ffd00000| Untracked |  0
|2046|0x00000000ffe00000, 0x00000000fff00000, 0x00000000fff00000|100%| O|  |TAMS 0x00000000ffe00000| PB 0x00000000ffe00000| Untracked |  0
|2047|0x00000000fff00000, 0x0000000100000000, 0x0000000100000000|100%| O|  |TAMS 0x00000000fff00000| PB 0x00000000fff00000| Untracked |  0

Card table byte_map: [0x000002227ea60000,0x000002227ee60000] _byte_map_base: 0x000002227e660000

Marking Bits: (CMBitMap*) 0x000002227dfa9090
 Bits: [0x0000022212430000, 0x0000022214430000)

Polling page: 0x000002227bfc0000

Metaspace:
Metaspace        used 208156K, committed 210688K, reserved 1245184K
 class space     used 28604K, committed 29760K, reserved 1048576K

Usage:
  Non-class:    175.34 MB used.
      Class:     27.93 MB used.
       Both:    203.28 MB used.

Virtual space:
  Non-class space:      192.00 MB reserved,     176.69 MB ( 92%) committed,  3 nodes.
      Class space:        1.00 GB reserved,      29.06 MB (  3%) committed,  1 nodes.
             Both:        1.19 GB reserved,     205.75 MB ( 17%) committed. 

Chunk freelists:
   Non-Class:  14.53 MB
       Class:  2.92 MB
        Both:  17.45 MB

MaxMetaspaceSize: unlimited
CompressedClassSpaceSize: 1.00 GB
Initial GC threshold: 21.00 MB
Current GC threshold: 315.75 MB
CDS: off
 - commit_granule_bytes: 65536.
 - commit_granule_words: 8192.
 - virtual_space_node_default_size: 8388608.
 - enlarge_chunks_in_place: 1.
UseCompressedClassPointers 1, UseCompactObjectHeaders 0
Narrow klass pointer bits 32, Max shift 3
Narrow klass base: 0x0000000000000000, Narrow klass shift: 0
Encoding Range: [0x0000000000000000 - 0x0000000100000000), (4294967296 bytes)
Klass Range:    [0x0000000020000000 - 0x0000000060000000), (1073741824 bytes)
Klass ID Range:  [536870912 - 1610612729) (1073741817)
No protection zone.


Internal statistics:

num_allocs_failed_limit: 9.
num_arena_births: 4816.
num_arena_deaths: 14.
num_vsnodes_births: 4.
num_vsnodes_deaths: 0.
num_space_committed: 3291.
num_space_uncommitted: 0.
num_chunks_returned_to_freelist: 33.
num_chunks_taken_from_freelist: 12566.
num_chunk_merges: 7.
num_chunk_splits: 9022.
num_chunks_enlarged: 6698.
num_inconsistent_stats: 0.

CodeHeap 'non-profiled nmethods': size=120064Kb used=13050Kb max_used=13050Kb free=107013Kb
 bounds [0x000002220aef0000, 0x000002220bbb0000, 0x0000022212430000]
CodeHeap 'profiled nmethods': size=120000Kb used=34871Kb max_used=34871Kb free=85128Kb
 bounds [0x0000022203430000, 0x0000022205640000, 0x000002220a960000]
CodeHeap 'non-nmethods': size=5696Kb used=2427Kb max_used=2544Kb free=3268Kb
 bounds [0x000002220a960000, 0x000002220ac10000, 0x000002220aef0000]
CodeCache: size=245760Kb, used=50348Kb, max_used=50465Kb, free=195409Kb
 total_blobs=23791, nmethods=22529, adapters=1160, full_count=0
Compilation: enabled, stopped_count=0, restarted_count=0

Compilation events (20 events):
Event: 198.258 Thread 0x000002221646a380 nmethod 27867 0x000002220560c788 code [0x000002220560c880, 0x000002220560cdc0]
Event: 198.258 Thread 0x000002221646a380 27868       3       java.lang.invoke.BoundMethodHandle$Species_LLLLILLLLL::make (28 bytes)
Event: 198.259 Thread 0x000002221646a380 nmethod 27868 0x000002220560ce08 code [0x000002220560cf00, 0x000002220560d118]
Event: 198.259 Thread 0x000002221646a380 27869       3       java.lang.invoke.BoundMethodHandle$Species_LLLLILLLLL::<init> (66 bytes)
Event: 198.260 Thread 0x000002221646a380 nmethod 27869 0x000002220560d188 code [0x000002220560d280, 0x000002220560d7c8]
Event: 198.307 Thread 0x000002221646a380 27871       3       java.lang.invoke.MethodHandleImpl$Makers$1::apply (16 bytes)
Event: 198.308 Thread 0x000002221646a380 nmethod 27871 0x000002220560d808 code [0x000002220560d900, 0x000002220560da60]
Event: 198.308 Thread 0x000002221646a380 27872       3       java.lang.invoke.MethodHandleImpl$CountingWrapper::<init> (46 bytes)
Event: 198.309 Thread 0x000002221646a380 nmethod 27872 0x000002220560db08 code [0x000002220560dc00, 0x000002220560dfd0]
Event: 198.309 Thread 0x000002221646a380 27873       3       java.lang.invoke.DelegatingMethodHandle::<init> (7 bytes)
Event: 198.309 Thread 0x000002221646a380 nmethod 27873 0x000002220560e008 code [0x000002220560e100, 0x000002220560e230]
Event: 198.325 Thread 0x000002221646a380 27874       3       org.codehaus.groovy.vmplugin.v9.Java9::checkAccessible (171 bytes)
Event: 198.330 Thread 0x000002221646a380 nmethod 27874 0x000002220560e308 code [0x000002220560e400, 0x0000022205610300]
Event: 198.339 Thread 0x000002221646a380 27876       3       java.lang.invoke.MethodHandle::asCollector (16 bytes)
Event: 198.340 Thread 0x000002221646a380 nmethod 27876 0x0000022205610388 code [0x0000022205610480, 0x00000222056107b8]
Event: 198.340 Thread 0x000002221646a380 27877       3       java.lang.invoke.MethodHandle::asCollector (66 bytes)
Event: 198.341 Thread 0x000002221646a380 nmethod 27877 0x0000022205610808 code [0x0000022205610900, 0x00000222056113f0]
Event: 198.344 Thread 0x000002221646a380 27878       3       java.lang.invoke.BoundMethodHandle$Species_LL::speciesData (4 bytes)
Event: 198.345 Thread 0x000002221646a380 nmethod 27878 0x0000022205611408 code [0x0000022205611500, 0x0000022205611610]
Event: 198.353 Thread 0x000002221646a380 27879       3       java.util.stream.Nodes$FixedNodeBuilder::begin (52 bytes)

GC Heap Usage History (20 events):
Event: 163.508 {heap Before GC invocations=146 (full 0):
 garbage-first heap   total reserved 2097152K, committed 454656K, used 405976K [0x0000000080000000, 0x0000000100000000)
  region size 1024K, 266 young (272384K), 5 survivors (5120K)
}
Event: 163.520 {heap After GC invocations=147 (full 0):
 garbage-first heap   total reserved 2097152K, committed 454656K, used 133713K [0x0000000080000000, 0x0000000100000000)
  region size 1024K, 2 young (2048K), 2 survivors (2048K)
}
Event: 163.662 {heap Before GC invocations=147 (full 0):
 garbage-first heap   total reserved 2097152K, committed 454656K, used 172625K [0x0000000080000000, 0x0000000100000000)
  region size 1024K, 41 young (41984K), 2 survivors (2048K)
}
Event: 163.669 {heap After GC invocations=148 (full 0):
 garbage-first heap   total reserved 2097152K, committed 454656K, used 132877K [0x0000000080000000, 0x0000000100000000)
  region size 1024K, 1 young (1024K), 1 survivors (1024K)
}
Event: 164.765 {heap Before GC invocations=149 (full 0):
 garbage-first heap   total reserved 2097152K, committed 450560K, used 403213K [0x0000000080000000, 0x0000000100000000)
  region size 1024K, 264 young (270336K), 1 survivors (1024K)
}
Event: 164.770 {heap After GC invocations=150 (full 0):
 garbage-first heap   total reserved 2097152K, committed 450560K, used 132920K [0x0000000080000000, 0x0000000100000000)
  region size 1024K, 1 young (1024K), 1 survivors (1024K)
}
Event: 166.048 {heap Before GC invocations=150 (full 0):
 garbage-first heap   total reserved 2097152K, committed 450560K, used 403256K [0x0000000080000000, 0x0000000100000000)
  region size 1024K, 264 young (270336K), 1 survivors (1024K)
}
Event: 166.056 {heap After GC invocations=151 (full 0):
 garbage-first heap   total reserved 2097152K, committed 450560K, used 133054K [0x0000000080000000, 0x0000000100000000)
  region size 1024K, 1 young (1024K), 1 survivors (1024K)
}
Event: 166.099 {heap Before GC invocations=151 (full 0):
 garbage-first heap   total reserved 2097152K, committed 450560K, used 135102K [0x0000000080000000, 0x0000000100000000)
  region size 1024K, 4 young (4096K), 1 survivors (1024K)
}
Event: 166.105 {heap After GC invocations=152 (full 0):
 garbage-first heap   total reserved 2097152K, committed 450560K, used 132027K [0x0000000080000000, 0x0000000100000000)
  region size 1024K, 1 young (1024K), 1 survivors (1024K)
}
Event: 172.266 {heap Before GC invocations=153 (full 0):
 garbage-first heap   total reserved 2097152K, committed 450560K, used 419771K [0x0000000080000000, 0x0000000100000000)
  region size 1024K, 264 young (270336K), 1 survivors (1024K)
}
Event: 172.277 {heap After GC invocations=154 (full 0):
 garbage-first heap   total reserved 2097152K, committed 450560K, used 149565K [0x0000000080000000, 0x0000000100000000)
  region size 1024K, 8 young (8192K), 8 survivors (8192K)
}
Event: 180.951 {heap Before GC invocations=154 (full 0):
 garbage-first heap   total reserved 2097152K, committed 450560K, used 421949K [0x0000000080000000, 0x0000000100000000)
  region size 1024K, 264 young (270336K), 8 survivors (8192K)
}
Event: 180.995 {heap After GC invocations=155 (full 0):
 garbage-first heap   total reserved 2097152K, committed 460800K, used 179500K [0x0000000080000000, 0x0000000100000000)
  region size 1024K, 33 young (33792K), 33 survivors (33792K)
}
Event: 181.086 {heap Before GC invocations=155 (full 0):
 garbage-first heap   total reserved 2097152K, committed 460800K, used 193836K [0x0000000080000000, 0x0000000100000000)
  region size 1024K, 48 young (49152K), 33 survivors (33792K)
}
Event: 181.119 {heap After GC invocations=156 (full 0):
 garbage-first heap   total reserved 2097152K, committed 460800K, used 191284K [0x0000000080000000, 0x0000000100000000)
  region size 1024K, 10 young (10240K), 10 survivors (10240K)
}
Event: 186.132 {heap Before GC invocations=157 (full 0):
 garbage-first heap   total reserved 2097152K, committed 460800K, used 354100K [0x0000000080000000, 0x0000000100000000)
  region size 1024K, 167 young (171008K), 10 survivors (10240K)
}
Event: 186.153 {heap After GC invocations=158 (full 0):
 garbage-first heap   total reserved 2097152K, committed 460800K, used 196673K [0x0000000080000000, 0x0000000100000000)
  region size 1024K, 15 young (15360K), 15 survivors (15360K)
}
Event: 197.959 {heap Before GC invocations=158 (full 0):
 garbage-first heap   total reserved 2097152K, committed 460800K, used 364609K [0x0000000080000000, 0x0000000100000000)
  region size 1024K, 180 young (184320K), 15 survivors (15360K)
}
Event: 197.995 {heap After GC invocations=159 (full 0):
 garbage-first heap   total reserved 2097152K, committed 460800K, used 205687K [0x0000000080000000, 0x0000000100000000)
  region size 1024K, 16 young (16384K), 16 survivors (16384K)
}

Metaspace Usage History (20 events):
Event: 163.508 {metaspace Before GC invocations=146 (full 0):
 Metaspace       used 173263K, committed 175424K, reserved 1245184K
  class space    used 23542K, committed 24512K, reserved 1048576K
}
Event: 163.520 {metaspace After GC invocations=147 (full 0):
 Metaspace       used 173263K, committed 175424K, reserved 1245184K
  class space    used 23542K, committed 24512K, reserved 1048576K
}
Event: 163.662 {metaspace Before GC invocations=147 (full 0):
 Metaspace       used 173263K, committed 175424K, reserved 1245184K
  class space    used 23542K, committed 24512K, reserved 1048576K
}
Event: 163.669 {metaspace After GC invocations=148 (full 0):
 Metaspace       used 173263K, committed 175424K, reserved 1245184K
  class space    used 23542K, committed 24512K, reserved 1048576K
}
Event: 164.765 {metaspace Before GC invocations=149 (full 0):
 Metaspace       used 173287K, committed 175488K, reserved 1245184K
  class space    used 23546K, committed 24576K, reserved 1048576K
}
Event: 164.770 {metaspace After GC invocations=150 (full 0):
 Metaspace       used 173287K, committed 175488K, reserved 1245184K
  class space    used 23546K, committed 24576K, reserved 1048576K
}
Event: 166.048 {metaspace Before GC invocations=150 (full 0):
 Metaspace       used 173293K, committed 175488K, reserved 1245184K
  class space    used 23546K, committed 24576K, reserved 1048576K
}
Event: 166.056 {metaspace After GC invocations=151 (full 0):
 Metaspace       used 173293K, committed 175488K, reserved 1245184K
  class space    used 23546K, committed 24576K, reserved 1048576K
}
Event: 166.099 {metaspace Before GC invocations=151 (full 0):
 Metaspace       used 173294K, committed 175488K, reserved 1245184K
  class space    used 23546K, committed 24576K, reserved 1048576K
}
Event: 166.105 {metaspace After GC invocations=152 (full 0):
 Metaspace       used 173294K, committed 175488K, reserved 1245184K
  class space    used 23546K, committed 24576K, reserved 1048576K
}
Event: 172.266 {metaspace Before GC invocations=153 (full 0):
 Metaspace       used 179830K, committed 182080K, reserved 1245184K
  class space    used 24332K, committed 25344K, reserved 1048576K
}
Event: 172.277 {metaspace After GC invocations=154 (full 0):
 Metaspace       used 179830K, committed 182080K, reserved 1245184K
  class space    used 24332K, committed 25344K, reserved 1048576K
}
Event: 180.951 {metaspace Before GC invocations=154 (full 0):
 Metaspace       used 191620K, committed 193920K, reserved 1245184K
  class space    used 26008K, committed 27072K, reserved 1048576K
}
Event: 180.995 {metaspace After GC invocations=155 (full 0):
 Metaspace       used 191620K, committed 193920K, reserved 1245184K
  class space    used 26008K, committed 27072K, reserved 1048576K
}
Event: 181.086 {metaspace Before GC invocations=155 (full 0):
 Metaspace       used 191625K, committed 193920K, reserved 1245184K
  class space    used 26008K, committed 27072K, reserved 1048576K
}
Event: 181.119 {metaspace After GC invocations=156 (full 0):
 Metaspace       used 191625K, committed 193920K, reserved 1245184K
  class space    used 26008K, committed 27072K, reserved 1048576K
}
Event: 186.132 {metaspace Before GC invocations=157 (full 0):
 Metaspace       used 195681K, committed 198080K, reserved 1245184K
  class space    used 26480K, committed 27584K, reserved 1048576K
}
Event: 186.153 {metaspace After GC invocations=158 (full 0):
 Metaspace       used 195681K, committed 198080K, reserved 1245184K
  class space    used 26480K, committed 27584K, reserved 1048576K
}
Event: 197.959 {metaspace Before GC invocations=158 (full 0):
 Metaspace       used 207754K, committed 210240K, reserved 1245184K
  class space    used 28544K, committed 29696K, reserved 1048576K
}
Event: 197.995 {metaspace After GC invocations=159 (full 0):
 Metaspace       used 207754K, committed 210240K, reserved 1245184K
  class space    used 28544K, committed 29696K, reserved 1048576K
}

Dll operation events (3 events):
Event: 0.039 Loaded shared library C:\Program Files\Android\Android Studio\jbr\bin\java.dll
Event: 0.055 Loaded shared library C:\Program Files\Android\Android Studio\jbr\bin\zip.dll
Event: 1.125 Loaded shared library C:\Program Files\Android\Android Studio\jbr\bin\verify.dll

Deoptimization events (20 events):
Event: 197.856 Thread 0x00000222233598b0 Uncommon trap: trap_request=0xffffffde fr.pc=0x000002220b05c888 relative=0x0000000000000c88
Event: 197.856 Thread 0x00000222233598b0 Uncommon trap: reason=class_check action=maybe_recompile pc=0x000002220b05c888 method=groovyjarjarantlr4.v4.runtime.atn.LexerATNSimulator.getEpsilonTarget(Lgroovyjarjarantlr4/v4/runtime/CharStream;Lgroovyjarjarantlr4/v4/runtime/atn/ATNConfig;Lgroovyjarjar
Event: 197.856 Thread 0x00000222233598b0 DEOPT PACKING pc=0x000002220b05c888 sp=0x0000008723af7c30
Event: 197.856 Thread 0x00000222233598b0 DEOPT UNPACKING pc=0x000002220aa78582 sp=0x0000008723af7b98 mode 2
Event: 197.856 Thread 0x00000222233598b0 Uncommon trap: trap_request=0xffffffde fr.pc=0x000002220b05c888 relative=0x0000000000000c88
Event: 197.856 Thread 0x00000222233598b0 Uncommon trap: reason=class_check action=maybe_recompile pc=0x000002220b05c888 method=groovyjarjarantlr4.v4.runtime.atn.LexerATNSimulator.getEpsilonTarget(Lgroovyjarjarantlr4/v4/runtime/CharStream;Lgroovyjarjarantlr4/v4/runtime/atn/ATNConfig;Lgroovyjarjar
Event: 197.856 Thread 0x00000222233598b0 DEOPT PACKING pc=0x000002220b05c888 sp=0x0000008723af7b80
Event: 197.857 Thread 0x00000222233598b0 DEOPT UNPACKING pc=0x000002220aa78582 sp=0x0000008723af7ae8 mode 2
Event: 197.858 Thread 0x00000222233598b0 Uncommon trap: trap_request=0xffffffde fr.pc=0x000002220b05c888 relative=0x0000000000000c88
Event: 197.858 Thread 0x00000222233598b0 Uncommon trap: reason=class_check action=maybe_recompile pc=0x000002220b05c888 method=groovyjarjarantlr4.v4.runtime.atn.LexerATNSimulator.getEpsilonTarget(Lgroovyjarjarantlr4/v4/runtime/CharStream;Lgroovyjarjarantlr4/v4/runtime/atn/ATNConfig;Lgroovyjarjar
Event: 197.858 Thread 0x00000222233598b0 DEOPT PACKING pc=0x000002220b05c888 sp=0x0000008723af7b80
Event: 197.858 Thread 0x00000222233598b0 DEOPT UNPACKING pc=0x000002220aa78582 sp=0x0000008723af7ae8 mode 2
Event: 197.858 Thread 0x00000222233598b0 Uncommon trap: trap_request=0xffffffde fr.pc=0x000002220b05c888 relative=0x0000000000000c88
Event: 197.858 Thread 0x00000222233598b0 Uncommon trap: reason=class_check action=maybe_recompile pc=0x000002220b05c888 method=groovyjarjarantlr4.v4.runtime.atn.LexerATNSimulator.getEpsilonTarget(Lgroovyjarjarantlr4/v4/runtime/CharStream;Lgroovyjarjarantlr4/v4/runtime/atn/ATNConfig;Lgroovyjarjar
Event: 197.858 Thread 0x00000222233598b0 DEOPT PACKING pc=0x000002220b05c888 sp=0x0000008723af7b80
Event: 197.858 Thread 0x00000222233598b0 DEOPT UNPACKING pc=0x000002220aa78582 sp=0x0000008723af7ae8 mode 2
Event: 198.083 Thread 0x00000222233598b0 Uncommon trap: trap_request=0xffffff45 fr.pc=0x000002220b3c6654 relative=0x0000000000000f54
Event: 198.083 Thread 0x00000222233598b0 Uncommon trap: reason=unstable_if action=reinterpret pc=0x000002220b3c6654 method=jdk.internal.jimage.ImageStringsReader.stringFromByteBufferMatches(Ljava/nio/ByteBuffer;ILjava/lang/String;I)I @ 48 c2
Event: 198.083 Thread 0x00000222233598b0 DEOPT PACKING pc=0x000002220b3c6654 sp=0x0000008723af7770
Event: 198.083 Thread 0x00000222233598b0 DEOPT UNPACKING pc=0x000002220aa78582 sp=0x0000008723af74a8 mode 2

Classes loaded (20 events):
Event: 198.293 Loading class java/io/WriterBeanInfo
Event: 198.293 Loading class java/io/WriterBeanInfo done
Event: 198.294 Loading class java/io/WriterBeanInfo
Event: 198.294 Loading class java/io/WriterBeanInfo done
Event: 198.294 Loading class java/io/WriterCustomizer
Event: 198.294 Loading class java/io/WriterCustomizer done
Event: 198.295 Loading class java/io/WriterCustomizer
Event: 198.295 Loading class java/io/WriterCustomizer done
Event: 198.296 Loading class java/io/PrintWriterCustomizer
Event: 198.296 Loading class java/io/PrintWriterCustomizer done
Event: 198.298 Loading class java/io/PrintWriterCustomizer
Event: 198.298 Loading class java/io/PrintWriterCustomizer done
Event: 198.328 Loading class java/lang/StringBeanInfo
Event: 198.328 Loading class java/lang/StringBeanInfo done
Event: 198.329 Loading class java/lang/StringBeanInfo
Event: 198.329 Loading class java/lang/StringBeanInfo done
Event: 198.329 Loading class java/lang/StringCustomizer
Event: 198.329 Loading class java/lang/StringCustomizer done
Event: 198.332 Loading class java/lang/StringCustomizer
Event: 198.332 Loading class java/lang/StringCustomizer done

Classes unloaded (20 events):
Event: 41.913 Thread 0x000002227fa40380 Unloading class 0x0000000020af8000 '_BuildScript_$_run_closure1$_closure2'
Event: 41.914 Thread 0x000002227fa40380 Unloading class 0x0000000020af3960 '_BuildScript_$_run_closure1'
Event: 41.914 Thread 0x000002227fa40380 Unloading class 0x0000000020af3428 '_BuildScript_'
Event: 41.914 Thread 0x000002227fa40380 Unloading class 0x0000000020af3000 'KotlinCoroutineJvmDebugArgumentsProvider$_asArguments_closure1'
Event: 41.914 Thread 0x000002227fa40380 Unloading class 0x0000000020af2a40 'KotlinCoroutineJvmDebugArgumentsProvider'
Event: 41.914 Thread 0x000002227fa40380 Unloading class 0x0000000020af2800 'Properties'
Event: 41.914 Thread 0x000002227fa40380 Unloading class 0x0000000020af0428 '_BuildScript_$_run_closure1$_closure2'
Event: 41.914 Thread 0x000002227fa40380 Unloading class 0x0000000020af0000 '_BuildScript_$_run_closure1'
Event: 41.914 Thread 0x000002227fa40380 Unloading class 0x0000000020aeb800 '_BuildScript_'
Event: 41.914 Thread 0x000002227fa40380 Unloading class 0x0000000020add430 '_BuildScript_$_run_closure1$_closure2$_closure4'
Event: 41.914 Thread 0x000002227fa40380 Unloading class 0x0000000020add000 '_BuildScript_$_run_closure1$_closure2$_closure3'
Event: 41.914 Thread 0x000002227fa40380 Unloading class 0x0000000020adc960 '_BuildScript_$_run_closure1$_closure2'
Event: 41.914 Thread 0x000002227fa40380 Unloading class 0x0000000020adc538 '_BuildScript_$_run_closure1'
Event: 41.914 Thread 0x000002227fa40380 Unloading class 0x0000000020adc000 '_BuildScript_'
Event: 44.545 Thread 0x000002227fa40380 Unloading class 0x0000000020b03538 '_BuildScript_$_run_closure1'
Event: 44.545 Thread 0x000002227fa40380 Unloading class 0x0000000020b03000 '_BuildScript_'
Event: 44.545 Thread 0x000002227fa40380 Unloading class 0x0000000020afb430 '_BuildScript_'
Event: 44.545 Thread 0x000002227fa40380 Unloading class 0x0000000020afb000 'SetupUtpTestResultListenerAction$_execute_closure1$_closure2'
Event: 44.545 Thread 0x000002227fa40380 Unloading class 0x0000000020afaae0 'SetupUtpTestResultListenerAction$_execute_closure1'
Event: 44.545 Thread 0x000002227fa40380 Unloading class 0x0000000020afa800 'SetupUtpTestResultListenerAction'

Classes redefined (0 events):
No events

Internal exceptions (20 events):
Event: 194.374 Thread 0x00000222233598b0 Exception <a 'java/lang/IncompatibleClassChangeError'{0x000000009248c698}: Found class java.lang.Object, but interface was expected> (0x000000009248c698) 
thrown [s\src\hotspot\share\interpreter\linkResolver.cpp, line 882]
Event: 194.494 Thread 0x00000222233598b0 Exception <a 'sun/nio/fs/WindowsException'{0x000000009224ac88}> (0x000000009224ac88) 
thrown [s\src\hotspot\share\prims\jni.cpp, line 535]
Event: 197.807 Thread 0x00000222233598b0 Exception <a 'java/lang/ClassNotFoundException'{0x00000000918d0d00}: groovy/lang/GroovyShellBeanInfo> (0x00000000918d0d00) 
thrown [s\src\hotspot\share\classfile\systemDictionary.cpp, line 327]
Event: 197.808 Thread 0x00000222233598b0 Exception <a 'java/lang/ClassNotFoundException'{0x00000000918db010}: groovy/lang/GroovyShellCustomizer> (0x00000000918db010) 
thrown [s\src\hotspot\share\classfile\systemDictionary.cpp, line 327]
Event: 198.216 Thread 0x00000222233598b0 Exception <a 'java/lang/ClassNotFoundException'{0x00000000ff420cd0}: SimpleTemplateScript1BeanInfo> (0x00000000ff420cd0) 
thrown [s\src\hotspot\share\classfile\systemDictionary.cpp, line 327]
Event: 198.219 Thread 0x00000222233598b0 Exception <a 'java/lang/ClassNotFoundException'{0x00000000ff42c4b0}: SimpleTemplateScript1Customizer> (0x00000000ff42c4b0) 
thrown [s\src\hotspot\share\classfile\systemDictionary.cpp, line 327]
Event: 198.226 Thread 0x00000222233598b0 Exception <a 'java/lang/NoSuchMethodError'{0x00000000ff438810}: 'java.lang.Object java.lang.invoke.Invokers$Holder.invoke_MT(java.lang.Object, java.lang.Object, java.lang.Object, java.lang.Object, java.lang.Object, java.lang.Object, java.lang.Object)'> (0x00000000ff438810) 
thrown [s\src\hotspot\share\interpreter\linkResolver.cpp, line 815]
Event: 198.227 Thread 0x00000222233598b0 Exception <a 'java/lang/NoSuchMethodError'{0x00000000ff4425b8}: 'java.lang.Object java.lang.invoke.DelegatingMethodHandle$Holder.reinvoke_L(java.lang.Object, java.lang.Object, java.lang.Object, java.lang.Object, java.lang.Object, int)'> (0x00000000ff4425b8) 
thrown [s\src\hotspot\share\interpreter\linkResolver.cpp, line 815]
Event: 198.243 Thread 0x00000222233598b0 Exception <a 'java/lang/ClassNotFoundException'{0x00000000ff483a80}: groovy/lang/GString$1BeanInfo> (0x00000000ff483a80) 
thrown [s\src\hotspot\share\classfile\systemDictionary.cpp, line 327]
Event: 198.245 Thread 0x00000222233598b0 Exception <a 'java/lang/ClassNotFoundException'{0x00000000ff48dd78}: groovy/lang/GStringBeanInfo> (0x00000000ff48dd78) 
thrown [s\src\hotspot\share\classfile\systemDictionary.cpp, line 327]
Event: 198.246 Thread 0x00000222233598b0 Exception <a 'java/lang/ClassNotFoundException'{0x00000000ff498038}: groovy/lang/GStringCustomizer> (0x00000000ff498038) 
thrown [s\src\hotspot\share\classfile\systemDictionary.cpp, line 327]
Event: 198.252 Thread 0x00000222233598b0 Exception <a 'java/lang/ClassNotFoundException'{0x00000000ff4ae498}: groovy/lang/GString$1Customizer> (0x00000000ff4ae498) 
thrown [s\src\hotspot\share\classfile\systemDictionary.cpp, line 327]
Event: 198.281 Thread 0x00000222233598b0 Exception <a 'java/lang/ClassNotFoundException'{0x00000000ff4fe680}: org/codehaus/groovy/runtime/GStringImplBeanInfo> (0x00000000ff4fe680) 
thrown [s\src\hotspot\share\classfile\systemDictionary.cpp, line 327]
Event: 198.285 Thread 0x00000222233598b0 Exception <a 'java/lang/ClassNotFoundException'{0x00000000ff308d38}: org/codehaus/groovy/runtime/GStringImplCustomizer> (0x00000000ff308d38) 
thrown [s\src\hotspot\share\classfile\systemDictionary.cpp, line 327]
Event: 198.293 Thread 0x00000222233598b0 Exception <a 'java/lang/ClassNotFoundException'{0x00000000ff33e918}: java/io/PrintWriterBeanInfo> (0x00000000ff33e918) 
thrown [s\src\hotspot\share\classfile\systemDictionary.cpp, line 327]
Event: 198.294 Thread 0x00000222233598b0 Exception <a 'java/lang/ClassNotFoundException'{0x00000000ff344f68}: java/io/WriterBeanInfo> (0x00000000ff344f68) 
thrown [s\src\hotspot\share\classfile\systemDictionary.cpp, line 327]
Event: 198.295 Thread 0x00000222233598b0 Exception <a 'java/lang/ClassNotFoundException'{0x00000000ff34b580}: java/io/WriterCustomizer> (0x00000000ff34b580) 
thrown [s\src\hotspot\share\classfile\systemDictionary.cpp, line 327]
Event: 198.298 Thread 0x00000222233598b0 Exception <a 'java/lang/ClassNotFoundException'{0x00000000ff35a730}: java/io/PrintWriterCustomizer> (0x00000000ff35a730) 
thrown [s\src\hotspot\share\classfile\systemDictionary.cpp, line 327]
Event: 198.329 Thread 0x00000222233598b0 Exception <a 'java/lang/ClassNotFoundException'{0x00000000ff3c4af0}: java/lang/StringBeanInfo> (0x00000000ff3c4af0) 
thrown [s\src\hotspot\share\classfile\systemDictionary.cpp, line 327]
Event: 198.332 Thread 0x00000222233598b0 Exception <a 'java/lang/ClassNotFoundException'{0x00000000ff3cb140}: java/lang/StringCustomizer> (0x00000000ff3cb140) 
thrown [s\src\hotspot\share\classfile\systemDictionary.cpp, line 327]

VM Operations (20 events):
Event: 192.969 Executing non-safepoint VM operation: HandshakeAllThreads (Deoptimize)
Event: 192.970 Executing non-safepoint VM operation: HandshakeAllThreads (Deoptimize) done
Event: 193.143 Executing non-safepoint VM operation: HandshakeAllThreads (Deoptimize)
Event: 193.144 Executing non-safepoint VM operation: HandshakeAllThreads (Deoptimize) done
Event: 194.265 Executing non-safepoint VM operation: HandshakeAllThreads (Deoptimize)
Event: 194.266 Executing non-safepoint VM operation: HandshakeAllThreads (Deoptimize) done
Event: 194.310 Executing non-safepoint VM operation: HandshakeAllThreads (Deoptimize)
Event: 194.311 Executing non-safepoint VM operation: HandshakeAllThreads (Deoptimize) done
Event: 194.344 Executing non-safepoint VM operation: HandshakeAllThreads (Deoptimize)
Event: 194.344 Executing non-safepoint VM operation: HandshakeAllThreads (Deoptimize) done
Event: 194.392 Executing non-safepoint VM operation: HandshakeAllThreads (Deoptimize)
Event: 194.392 Executing non-safepoint VM operation: HandshakeAllThreads (Deoptimize) done
Event: 194.452 Executing non-safepoint VM operation: HandshakeAllThreads (Deoptimize)
Event: 194.453 Executing non-safepoint VM operation: HandshakeAllThreads (Deoptimize) done
Event: 197.722 Executing non-safepoint VM operation: HandshakeAllThreads (Deoptimize)
Event: 197.722 Executing non-safepoint VM operation: HandshakeAllThreads (Deoptimize) done
Event: 197.958 Executing safepoint VM operation: G1CollectForAllocation (G1 Evacuation Pause)
Event: 197.995 Executing safepoint VM operation: G1CollectForAllocation (G1 Evacuation Pause) done
Event: 198.069 Executing non-safepoint VM operation: HandshakeAllThreads (Deoptimize)
Event: 198.069 Executing non-safepoint VM operation: HandshakeAllThreads (Deoptimize) done

Memory protections (0 events):
No events

Nmethod flushes (20 events):
Event: 181.371 Thread 0x000002227fa40380 flushing  nmethod 0x0000022204b87888
Event: 181.371 Thread 0x000002227fa40380 flushing  nmethod 0x000002220b3be188
Event: 181.371 Thread 0x000002227fa40380 flushing  nmethod 0x000002220b7ec108
Event: 181.371 Thread 0x000002227fa40380 flushing  nmethod 0x000002220363e388
Event: 181.371 Thread 0x000002227fa40380 flushing  nmethod 0x0000022204019f08
Event: 181.371 Thread 0x000002227fa40380 flushing  nmethod 0x000002220428c508
Event: 181.371 Thread 0x000002227fa40380 flushing  nmethod 0x00000222043bca08
Event: 181.371 Thread 0x000002227fa40380 flushing osr nmethod 0x0000022204925b88
Event: 181.371 Thread 0x000002227fa40380 flushing osr nmethod 0x000002220b7f1d08
Event: 181.371 Thread 0x000002227fa40380 flushing  nmethod 0x0000022203b35588
Event: 181.371 Thread 0x000002227fa40380 flushing  nmethod 0x000002220b40a588
Event: 181.371 Thread 0x000002227fa40380 flushing  nmethod 0x0000022203572808
Event: 181.371 Thread 0x000002227fa40380 flushing  nmethod 0x0000022203cefd88
Event: 181.371 Thread 0x000002227fa40380 flushing  nmethod 0x00000222040fbc08
Event: 181.371 Thread 0x000002227fa40380 flushing  nmethod 0x0000022204af0608
Event: 181.371 Thread 0x000002227fa40380 flushing  nmethod 0x0000022204d11588
Event: 181.371 Thread 0x000002227fa40380 flushing  nmethod 0x000002220b7dc388
Event: 181.371 Thread 0x000002227fa40380 flushing  nmethod 0x0000022203602408
Event: 181.371 Thread 0x000002227fa40380 flushing  nmethod 0x0000022203fd0288
Event: 181.371 Thread 0x000002227fa40380 flushing  nmethod 0x000002220406ad88

Events (20 events):
Event: 194.032 Thread 0x00000222233598b0 Thread added: 0x000002222335df00
Event: 194.032 Thread 0x00000222233598b0 Thread added: 0x000002222335b020
Event: 194.032 Thread 0x00000222233598b0 Thread added: 0x000002222335b7f0
Event: 194.033 Thread 0x00000222233598b0 Thread added: 0x0000022220e904e0
Event: 194.033 Thread 0x00000222233598b0 Thread added: 0x000002222d9ba7d0
Event: 194.033 Thread 0x00000222233598b0 Thread added: 0x000002222d9ba000
Event: 194.033 Thread 0x00000222233598b0 Thread added: 0x000002222d9bc710
Event: 194.033 Thread 0x00000222233598b0 Thread added: 0x000002222d9bafa0
Event: 194.175 Thread 0x00000222233598b0 Thread added: 0x000002222d9bfdc0
Event: 195.485 Thread 0x000002221646a380 Thread added: 0x0000022222872c00
Event: 195.814 Thread 0x00000222233598b0 Thread added: 0x000002222d9bd6b0
Event: 195.816 Thread 0x000002222d9bd6b0 Thread exited: 0x000002222d9bd6b0
Event: 196.050 Thread 0x0000022222872c00 Thread exited: 0x0000022222872c00
Event: 196.917 Thread 0x00000222233598b0 Thread added: 0x000002222d9bcee0
Event: 196.917 Thread 0x000002222d9bcee0 Thread exited: 0x000002222d9bcee0
Event: 197.665 Thread 0x00000222233598b0 Thread added: 0x000002222d9bcee0
Event: 197.665 Thread 0x000002221646a380 Thread added: 0x0000022222872c00
Event: 197.666 Thread 0x000002222d9bcee0 Thread exited: 0x000002222d9bcee0
Event: 197.714 Thread 0x00000222233598b0 Thread added: 0x000002221fad7ff0
Event: 197.852 Thread 0x000002221646a380 Thread added: 0x0000022222876c80


Dynamic libraries:
0x00007ff64a270000 - 0x00007ff64a27a000 	C:\Program Files\Android\Android Studio\jbr\bin\java.exe
0x00007ff9277c0000 - 0x00007ff927a26000 	C:\windows\SYSTEM32\ntdll.dll
0x00007ff926260000 - 0x00007ff926329000 	C:\windows\System32\KERNEL32.DLL
0x00007ff924bf0000 - 0x00007ff924fea000 	C:\windows\System32\KERNELBASE.dll
0x00007ff9214c0000 - 0x00007ff921560000 	C:\windows\SYSTEM32\apphelp.dll
0x00007ff925120000 - 0x00007ff92526c000 	C:\windows\System32\ucrtbase.dll
0x00007ff913660000 - 0x00007ff91367b000 	C:\Program Files\Android\Android Studio\jbr\bin\VCRUNTIME140.dll
0x00007ff8fad60000 - 0x00007ff8fad76000 	C:\Program Files\Android\Android Studio\jbr\bin\jli.dll
0x00007ff9271b0000 - 0x00007ff927377000 	C:\windows\System32\USER32.dll
0x00007ff924b10000 - 0x00007ff924b37000 	C:\windows\System32\win32u.dll
0x00007ff925710000 - 0x00007ff92573b000 	C:\windows\System32\GDI32.dll
0x00007ff9014f0000 - 0x00007ff901782000 	C:\windows\WinSxS\amd64_microsoft.windows.common-controls_6595b64144ccf1df_6.0.26100.8521_none_3e08b75ce33403b3\COMCTL32.dll
0x00007ff924ff0000 - 0x00007ff92511b000 	C:\windows\System32\gdi32full.dll
0x00007ff9253f0000 - 0x00007ff925493000 	C:\windows\System32\msvcp_win.dll
0x00007ff925d20000 - 0x00007ff925dc9000 	C:\windows\System32\msvcrt.dll
0x00007ff926220000 - 0x00007ff926252000 	C:\windows\System32\IMM32.DLL
0x00007ff914020000 - 0x00007ff91402c000 	C:\Program Files\Android\Android Studio\jbr\bin\vcruntime140_1.dll
0x00007ff8fb150000 - 0x00007ff8fb1dd000 	C:\Program Files\Android\Android Studio\jbr\bin\msvcp140.dll
0x00007ff877400000 - 0x00007ff8782da000 	C:\Program Files\Android\Android Studio\jbr\bin\server\jvm.dll
0x00007ff9264d0000 - 0x00007ff926586000 	C:\windows\System32\ADVAPI32.dll
0x00007ff925740000 - 0x00007ff9257ea000 	C:\windows\System32\sechost.dll
0x00007ff927380000 - 0x00007ff927498000 	C:\windows\System32\RPCRT4.dll
0x00007ff927660000 - 0x00007ff9276e0000 	C:\windows\System32\WS2_32.dll
0x00007ff9248d0000 - 0x00007ff92492e000 	C:\windows\SYSTEM32\POWRPROF.dll
0x00007ff91db40000 - 0x00007ff91db76000 	C:\windows\SYSTEM32\WINMM.dll
0x00007ff9112e0000 - 0x00007ff9112eb000 	C:\windows\SYSTEM32\VERSION.dll
0x00007ff9248b0000 - 0x00007ff9248c4000 	C:\windows\SYSTEM32\UMPDC.dll
0x00007ff9237a0000 - 0x00007ff9237bb000 	C:\windows\SYSTEM32\kernel.appcore.dll
0x00007ff913f90000 - 0x00007ff913f9a000 	C:\Program Files\Android\Android Studio\jbr\bin\jimage.dll
0x00007ff922170000 - 0x00007ff9223b2000 	C:\windows\SYSTEM32\DBGHELP.DLL
0x00007ff926590000 - 0x00007ff926913000 	C:\windows\System32\combase.dll
0x00007ff9260d0000 - 0x00007ff9261a9000 	C:\windows\System32\OLEAUT32.dll
0x00007ff900c90000 - 0x00007ff900ccb000 	C:\windows\SYSTEM32\dbgcore.DLL
0x00007ff924b40000 - 0x00007ff924be8000 	C:\windows\System32\bcryptPrimitives.dll
0x00007ff9135c0000 - 0x00007ff9135ce000 	C:\Program Files\Android\Android Studio\jbr\bin\instrument.dll
0x00007ff913640000 - 0x00007ff91365f000 	C:\Program Files\Android\Android Studio\jbr\bin\java.dll
0x00007ff925dd0000 - 0x00007ff925f68000 	C:\windows\System32\ole32.dll
0x00007ff926a20000 - 0x00007ff9271a4000 	C:\windows\System32\SHELL32.dll
0x00007ff9135f0000 - 0x00007ff913607000 	C:\Program Files\Android\Android Studio\jbr\bin\zip.dll
0x00007ff9225d0000 - 0x00007ff922e50000 	C:\windows\SYSTEM32\windows.storage.dll
0x00007ff926920000 - 0x00007ff926a16000 	C:\windows\System32\SHCORE.dll
0x00007ff925820000 - 0x00007ff925887000 	C:\windows\System32\shlwapi.dll
0x00007ff924970000 - 0x00007ff924999000 	C:\windows\SYSTEM32\profapi.dll
0x00007ff913630000 - 0x00007ff913640000 	C:\Program Files\Android\Android Studio\jbr\bin\net.dll
0x00007ff923cf0000 - 0x00007ff923d5c000 	C:\windows\system32\mswsock.dll
0x00007ff904cb0000 - 0x00007ff904cc6000 	C:\Program Files\Android\Android Studio\jbr\bin\nio.dll
0x00007ff904be0000 - 0x00007ff904bf0000 	C:\Program Files\Android\Android Studio\jbr\bin\verify.dll
0x00007ff8fad80000 - 0x00007ff8fada7000 	C:\Users\Aluno\.gradle\native\660c5614fbf4a5f2a75b1949f50a0caf5cd603558e7d8a26e50b933a0cfb79d1\windows-amd64\native-platform.dll
0x00007ff8f4900000 - 0x00007ff8f4977000 	C:\Users\Aluno\.gradle\native\0.2.8\x86_64-windows-gnu\gradle-fileevents.dll
0x00007ff9052d0000 - 0x00007ff9052d9000 	C:\Program Files\Android\Android Studio\jbr\bin\management.dll
0x00007ff904c20000 - 0x00007ff904c2b000 	C:\Program Files\Android\Android Studio\jbr\bin\management_ext.dll
0x00007ff926430000 - 0x00007ff926438000 	C:\windows\System32\PSAPI.DLL
0x00007ff9231d0000 - 0x00007ff923203000 	C:\windows\SYSTEM32\IPHLPAPI.DLL
0x00007ff926380000 - 0x00007ff92638a000 	C:\windows\System32\NSI.dll
0x00007ff9135e0000 - 0x00007ff9135e9000 	C:\Program Files\Android\Android Studio\jbr\bin\extnet.dll
0x00007ff9240f0000 - 0x00007ff92410b000 	C:\windows\SYSTEM32\CRYPTSP.dll
0x00007ff923700000 - 0x00007ff923739000 	C:\windows\system32\rsaenh.dll
0x00007ff923da0000 - 0x00007ff923dd3000 	C:\windows\SYSTEM32\USERENV.dll
0x00007ff924940000 - 0x00007ff92496a000 	C:\windows\SYSTEM32\bcrypt.dll
0x00007ff9240d0000 - 0x00007ff9240dc000 	C:\windows\SYSTEM32\CRYPTBASE.dll
0x00007ff903770000 - 0x00007ff903778000 	C:\windows\system32\wshunix.dll
0x00007ff9238c0000 - 0x00007ff9238f6000 	C:\windows\SYSTEM32\ntmarta.dll
0x00007ff923270000 - 0x00007ff9233ba000 	C:\windows\SYSTEM32\DNSAPI.dll
0x00007ff923b30000 - 0x00007ff923b3d000 	C:\windows\SYSTEM32\DSPARSE.dll
0x00007ff91cd50000 - 0x00007ff91cd5b000 	C:\Windows\System32\rasadhlp.dll
0x00007ff91e0c0000 - 0x00007ff91e146000 	C:\windows\System32\fwpuclnt.dll

JVMTI agents:
C:\Users\Aluno\.gradle\wrapper\dists\gradle-9.7.1-bin\1w1c7tv4s851m17nbqdsro2tv\gradle-9.7.1\lib\agents\gradle-instrumentation-agent-9.7.1.jar path:C:\Program Files\Android\Android Studio\jbr\bin\instrument.dll, loaded, initialized, instrumentlib options:none

dbghelp: loaded successfully - version: 4.0.5 - missing functions: none
symbol engine: initialized successfully - sym options: 0x614 - pdb path: .;C:\Program Files\Android\Android Studio\jbr\bin;C:\windows\SYSTEM32;C:\windows\WinSxS\amd64_microsoft.windows.common-controls_6595b64144ccf1df_6.0.26100.8521_none_3e08b75ce33403b3;C:\Program Files\Android\Android Studio\jbr\bin\server;C:\Users\Aluno\.gradle\native\660c5614fbf4a5f2a75b1949f50a0caf5cd603558e7d8a26e50b933a0cfb79d1\windows-amd64;C:\Users\Aluno\.gradle\native\0.2.8\x86_64-windows-gnu

VM Arguments:
jvm_args: --add-opens=java.base/java.lang=ALL-UNNAMED --add-opens=java.base/java.lang.invoke=ALL-UNNAMED --add-opens=java.base/java.util=ALL-UNNAMED --add-opens=java.prefs/java.util.prefs=ALL-UNNAMED --add-exports=jdk.compiler/com.sun.tools.javac.api=ALL-UNNAMED --add-exports=jdk.compiler/com.sun.tools.javac.util=ALL-UNNAMED --add-opens=java.base/java.nio.charset=ALL-UNNAMED --add-opens=java.base/java.net=ALL-UNNAMED --add-opens=java.base/java.util.concurrent=ALL-UNNAMED --add-opens=java.base/java.util.concurrent.atomic=ALL-UNNAMED --add-opens=java.xml/javax.xml.namespace=ALL-UNNAMED --add-opens=java.base/java.time=ALL-UNNAMED --enable-native-access=ALL-UNNAMED -Xmx2048m -Dfile.encoding=UTF-8 -Duser.country=BR -Duser.language=pt -Duser.variant -javaagent:C:\Users\Aluno\.gradle\wrapper\dists\gradle-9.7.1-bin\1w1c7tv4s851m17nbqdsro2tv\gradle-9.7.1\lib\agents\gradle-instrumentation-agent-9.7.1.jar 
java_command: org.gradle.launcher.daemon.bootstrap.GradleDaemon 9.7.1
java_class_path (initial): C:\Users\Aluno\.gradle\wrapper\dists\gradle-9.7.1-bin\1w1c7tv4s851m17nbqdsro2tv\gradle-9.7.1\lib\gradle-daemon-main-9.7.1.jar
Launcher Type: SUN_STANDARD

[Global flags]
     intx CICompilerCount                          = 4                                         {product} {ergonomic}
     uint ConcGCThreads                            = 3                                         {product} {ergonomic}
     uint G1ConcRefinementThreads                  = 10                                        {product} {ergonomic}
   size_t G1HeapRegionSize                         = 1048576                                   {product} {ergonomic}
   size_t InitialHeapSize                          = 264241152                                 {product} {ergonomic}
   size_t MarkStackSize                            = 4194304                                   {product} {ergonomic}
   size_t MarkStackSizeMax                         = 536870912                                 {product} {ergonomic}
   size_t MaxHeapSize                              = 2147483648                                {product} {command line}
   size_t MaxNewSize                               = 1287651328                                {product} {ergonomic}
   size_t MinHeapDeltaBytes                        = 1048576                                   {product} {ergonomic}
   size_t MinHeapSize                              = 8388608                                   {product} {ergonomic}
    uintx NonNMethodCodeHeapSize                   = 5832704                                {pd product} {ergonomic}
    uintx NonProfiledCodeHeapSize                  = 122945536                              {pd product} {ergonomic}
     bool PerfDisableSharedMem                     = true                                      {product} {ergonomic}
    uintx ProfiledCodeHeapSize                     = 122880000                              {pd product} {ergonomic}
    uintx ReservedCodeCacheSize                    = 251658240                              {pd product} {ergonomic}
     bool SegmentedCodeCache                       = true                                      {product} {ergonomic}
   size_t SoftMaxHeapSize                          = 2147483648                             {manageable} {ergonomic}
     bool UseCompressedOops                        = true                           {product lp64_product} {ergonomic}
     bool UseG1GC                                  = true                                      {product} {ergonomic}
     bool UseLargePagesIndividualAllocation        = false                                  {pd product} {ergonomic}

Logging:
Log output configuration:
 #0: stdout all=warning uptime,level,tags foldmultilines=false
 #1: stderr all=off uptime,level,tags foldmultilines=false

Release file:
JAVA_VERSION="25.0.2" 
MODULES="java.base java.compiler java.datatransfer java.xml java.prefs java.desktop java.instrument java.logging java.management java.security.sasl java.naming java.rmi java.management.rmi java.net.http java.scripting java.security.jgss java.transaction.xa java.sql java.sql.rowset java.xml.crypto java.se java.smartcardio jdk.accessibility jdk.internal.jvmstat jdk.attach jdk.charsets jdk.internal.opt jdk.zipfs jdk.compiler jdk.crypto.cryptoki jdk.crypto.ec jdk.dynalink jdk.hotspot.agent jdk.httpserver jdk.internal.ed jdk.internal.le jdk.internal.md jdk.internal.vm.ci jdk.jartool jdk.javadoc jdk.jcmd jdk.jdeps jdk.jdwp.agent jdk.jdi jdk.jfr jdk.jlink jdk.localedata jdk.management jdk.management.agent jdk.management.jfr jdk.naming.dns jdk.naming.rmi jdk.net jdk.sctp jdk.security.auth jdk.security.jgss jdk.unsupported jdk.unsupported.desktop jdk.xml.dom" 
IMPLEMENTOR="JetBrains s.r.o." 
JAVA_RUNTIME_VERSION="25.0.2+-15348964-b329.117" 
LIBC="default" 
OS_ARCH="x86_64" 
OS_NAME="Windows" 
SOURCE=".:git:3cf398e84a39" 

Environment Variables:
PATH=C:\Program Files\Microsoft SDKs\Azure\CLI2\wbin;C:\Program Files (x86)\Common Files\Oracle\Java\java8path;C:\Program Files (x86)\Common Files\Oracle\Java\javapath;C:\windows\system32;C:\windows;C:\windows\System32\Wbem;C:\windows\System32\WindowsPowerShell\v1.0\;C:\windows\System32\OpenSSH\;C:\Program Files\Microsoft SQL Server\150\Tools\Binn\;C:\Program Files\Microsoft SQL Server\Client SDK\ODBC\170\Tools\Binn\;C:\Program Files\dotnet\;C:\Program Files (x86)\Microsoft SQL Server\160\Tools\Binn\;C:\Program Files\Microsoft SQL Server\160\Tools\Binn\;C:\Program Files\Microsoft SQL Server\160\DTS\Binn\;C:\Program Files\Git\cmd;C:\Program Files\Docker\Docker\resources\bin;C:\Program Files\nodejs\;C:\Users\Aluno\AppData\Local\Programs\Python\Python314\Scripts\;C:\Users\Aluno\AppData\Local\Programs\Python\Python314\;C:\Users\Aluno\AppData\Local\Microsoft\WindowsApps;C:\Users\Aluno\AppData\Local\Programs\Microsoft VS Code\bin;C:\Users\Aluno\.dotnet\tools;C:\Users\Aluno\AppData\Roaming\npm
USERNAME=Aluno
OS=Windows_NT
PROCESSOR_IDENTIFIER=Intel64 Family 6 Model 186 Stepping 3, GenuineIntel
TMP=C:\Users\Aluno\AppData\Local\Temp
TEMP=C:\Users\Aluno\AppData\Local\Temp




Compilation memory statistics disabled.

Periodic native trim disabled

JNI global refs:
JNI global refs: 23, weak refs: 1

JNI global refs memory usage: 835, weak refs: 833

Process memory usage:
Resident Set Size: 944240K (5% of 16400672K total physical memory with 1166712K free physical memory)

OOME stack traces (most recent first):
Classloader memory used:
Loader org.gradle.internal.classloader.VisitableURLClassLoader                         : 123 M
Loader bootstrap                                                                       : 35821 K
Loader org.gradle.internal.classloader.VisitableURLClassLoader$InstrumentingVisitableURLClassLoader: 20981 K
Loader org.gradle.initialization.MixInLegacyTypesClassLoader                           : 15465 K
Loader jdk.internal.loader.ClassLoaders$AppClassLoader                                 : 7819 K
Loader jdk.internal.loader.ClassLoaders$PlatformClassLoader                            : 609 K
Loader jdk.internal.jrtfs.JrtFileSystemProvider$JrtFsLoader                            : 327 K
Loader org.gradle.internal.classloader.VisitableURLClassLoader                         : 173 K
Loader org.gradle.groovy.scripts.internal.DefaultScriptCompilationHandler$ScriptClassLoader: 132 K
Loader groovy.lang.GroovyClassLoader$InnerLoader                                       : 12600 B

Classes loaded by more than one classloader:
Class Program                                                                         : loaded 5 times (x 74B)
Class Build_gradle                                                                    : loaded 3 times (x 128B)
Class com.google.common.collect.RegularImmutableMap$KeySet                            : loaded 2 times (x 154B)
Class org.gradle.internal.classloader.FilteringClassLoader                            : loaded 2 times (x 106B)
Class com.google.common.base.CharMatcher$IsEither                                     : loaded 2 times (x 113B)
Class jdk.internal.jimage.BasicImageReader                                            : loaded 2 times (x 97B)
Class org.gradle.internal.classloader.ClassLoaderHierarchy                            : loaded 2 times (x 72B)
Class com.google.common.collect.ImmutableEnumSet                                      : loaded 2 times (x 148B)
Class com.google.common.collect.ImmutableList$1                                       : loaded 2 times (x 99B)
Class com.google.common.util.concurrent.ExecutionError                                : loaded 2 times (x 84B)
Class kotlinx.coroutines.flow.internal.AbstractSharedFlow                             : loaded 2 times (x 76B)
Class kotlinx.coroutines.flow.CancellableFlow                                         : loaded 2 times (x 72B)
Class com.google.gson.stream.MalformedJsonException                                   : loaded 2 times (x 84B)
Class com.google.common.collect.RegularImmutableMap                                   : loaded 2 times (x 122B)
Class com.google.common.collect.ImmutableMap$MapViewOfValuesAsSingletonSets           : loaded 2 times (x 128B)
Class [Lorg.objectweb.asm.Symbol;                                                     : loaded 2 times (x 71B)
Class org.objectweb.asm.ClassVisitor                                                  : loaded 2 times (x 90B)
Class com.google.common.collect.UnmodifiableListIterator                              : loaded 2 times (x 97B)
Class jdk.internal.jimage.decompressor.StringSharingDecompressorFactory               : loaded 2 times (x 76B)
Class com.google.common.base.Platform$JdkPatternCompiler                              : loaded 2 times (x 77B)
Class org.objectweb.asm.MethodTooLargeException                                       : loaded 2 times (x 84B)
Class [Lcom.google.common.cache.CacheBuilder$OneWeigher;                              : loaded 2 times (x 71B)
Class com.google.common.base.Suppliers                                                : loaded 2 times (x 73B)
Class org.gradle.internal.classloader.DefaultClassLoaderFactory                       : loaded 2 times (x 84B)
Class [Lcom.google.common.collect.ImmutableMapEntry;                                  : loaded 2 times (x 71B)
Class com.google.common.collect.ListMultimap                                          : loaded 2 times (x 72B)
Class com.google.common.collect.ImmutableEnumMap                                      : loaded 2 times (x 128B)
Class org.jetbrains.kotlin.buildtools.api.jvm.ClassSnapshotGranularity                : loaded 2 times (x 81B)
Class com.google.common.collect.Sets$1                                                : loaded 2 times (x 143B)
Class org.objectweb.asm.AnnotationVisitor                                             : loaded 2 times (x 80B)
Class org.gradle.api.internal.DefaultClassPathProvider                                : loaded 2 times (x 78B)
Class com.google.common.collect.Sets$2                                                : loaded 2 times (x 143B)
Class [Lorg.gradle.api.internal.ClassPathProvider;                                    : loaded 2 times (x 71B)
Class org.gradle.api.internal.ClassPathProvider                                       : loaded 2 times (x 72B)
Class org.jetbrains.kotlin.cli.common.CompilerSystemProperties                        : loaded 2 times (x 81B)
Class [Lorg.objectweb.asm.AnnotationVisitor;                                          : loaded 2 times (x 71B)
Class com.google.common.collect.Sets$3                                                : loaded 2 times (x 143B)
Class com.google.common.cache.LocalCache$LocalLoadingCache                            : loaded 2 times (x 136B)
Class jdk.internal.jrtfs.SystemImage                                                  : loaded 2 times (x 76B)
Class org.gradle.internal.service.UnknownServiceException                             : loaded 2 times (x 85B)
Class com.google.common.collect.Sets$4                                                : loaded 2 times (x 143B)
Class org.objectweb.asm.ModuleVisitor                                                 : loaded 2 times (x 83B)
Class com.google.common.cache.LocalCache$Strength$1                                   : loaded 2 times (x 83B)
Class com.google.common.util.concurrent.SettableFuture                                : loaded 2 times (x 116B)
Class com.google.common.cache.LocalCache$Strength$2                                   : loaded 2 times (x 83B)
Class com.google.common.cache.LocalCache$Strength$3                                   : loaded 2 times (x 83B)
Class com.google.common.collect.MapDifference                                         : loaded 2 times (x 72B)
Class org.objectweb.asm.FieldWriter                                                   : loaded 2 times (x 79B)
Class com.google.common.cache.CacheBuilder$NullListener                               : loaded 2 times (x 84B)
Class jdk.internal.jimage.ImageReader$LinkNode                                        : loaded 2 times (x 86B)
Class org.gradle.internal.classpath.TransformedClassPath                              : loaded 2 times (x 101B)
Class org.gradle.internal.classloader.InstrumentingClassLoader                        : loaded 2 times (x 72B)
Class com.google.common.collect.Iterators$ArrayItr                                    : loaded 2 times (x 99B)
Class com.google.common.cache.CacheLoader$FunctionToCacheLoader                       : loaded 2 times (x 77B)
Class com.google.common.collect.ImmutableCollection$Builder                           : loaded 2 times (x 78B)
Class jdk.internal.jrtfs.SystemImage$1                                                : loaded 2 times (x 80B)
Class com.google.common.base.Joiner                                                   : loaded 2 times (x 82B)
Class com.google.common.base.MoreObjects                                              : loaded 2 times (x 73B)
Class jdk.internal.jrtfs.SystemImage$2                                                : loaded 2 times (x 78B)
Class com.google.common.collect.Platform                                              : loaded 2 times (x 73B)
Class com.google.common.base.PairwiseEquivalence                                      : loaded 2 times (x 85B)
Class com.google.common.collect.UnmodifiableIterator                                  : loaded 2 times (x 82B)
Class org.gradle.internal.service.ServiceLocator                                      : loaded 2 times (x 72B)
Class com.google.common.base.Ascii                                                    : loaded 2 times (x 73B)
Class com.google.common.collect.SingletonImmutableBiMap                               : loaded 2 times (x 145B)
Class com.google.common.collect.Iterators$SingletonIterator                           : loaded 2 times (x 83B)
Class com.google.common.cache.LocalCache$1                                            : loaded 2 times (x 91B)
Class com.google.common.collect.AbstractMapEntry                                      : loaded 2 times (x 83B)
Class jdk.internal.jrtfs.JrtFileSystemProvider                                        : loaded 2 times (x 103B)
Class ijKotlinCoroutineJvmDebugInit1_262pooy281xcr6kpmp34hbceh$_run_closure1          : loaded 2 times (x 140B)
Class com.google.common.collect.Sets$ImprovedAbstractSet                              : loaded 2 times (x 137B)
Class com.google.common.collect.ImmutableList$Builder                                 : loaded 2 times (x 79B)
Class com.google.common.collect.AbstractMultimap                                      : loaded 2 times (x 125B)
Class com.google.common.cache.LocalCache$2                                            : loaded 2 times (x 144B)
Class org.jetbrains.kotlin.build.report.metrics.ValueType                             : loaded 2 times (x 81B)
Class com.google.common.collect.RegularImmutableAsList                                : loaded 2 times (x 219B)
Class com.google.common.util.concurrent.AbstractFuture$Trusted                        : loaded 2 times (x 72B)
Class com.google.common.collect.Iterators                                             : loaded 2 times (x 73B)
Class com.google.common.collect.Lists$StringAsImmutableList                           : loaded 2 times (x 209B)
Class com.google.common.util.concurrent.UncheckedExecutionException                   : loaded 2 times (x 84B)
Class org.gradle.kotlin.dsl.VersionCatalogAccessorsKt                                 : loaded 2 times (x 73B)
Class jdk.internal.jimage.ImageLocation                                               : loaded 2 times (x 92B)
Class jdk.internal.jrtfs.JrtDirectoryStream$1                                         : loaded 2 times (x 85B)
Class com.google.common.collect.AbstractMapBasedMultimap$KeySet$1                     : loaded 2 times (x 84B)
Class org.objectweb.asm.ClassWriter                                                   : loaded 2 times (x 107B)
Class com.google.common.cache.CacheLoader$UnsupportedLoadingOperationException        : loaded 2 times (x 84B)
Class com.google.common.base.CharMatcher$And                                          : loaded 2 times (x 114B)
Class jdk.internal.jimage.ImageBufferCache$1                                          : loaded 2 times (x 84B)
Class org.objectweb.asm.FieldVisitor                                                  : loaded 2 times (x 79B)
Class com.google.common.collect.IndexedImmutableSet                                   : loaded 2 times (x 154B)
Class com.google.common.collect.BiMap                                                 : loaded 2 times (x 72B)
Class com.google.common.collect.ImmutableMap$1                                        : loaded 2 times (x 83B)
Class jdk.internal.jimage.ImageBufferCache$2                                          : loaded 2 times (x 93B)
Class org.gradle.api.internal.classpath.DefaultModuleRegistry$DefaultModule           : loaded 2 times (x 84B)
Class com.google.common.primitives.Ints                                               : loaded 2 times (x 73B)
Class com.google.common.collect.AbstractIterator                                      : loaded 2 times (x 84B)
Class com.google.common.collect.ObjectArrays                                          : loaded 2 times (x 73B)
Class com.google.common.math.MathPreconditions                                        : loaded 2 times (x 73B)
Class com.google.common.collect.Multiset                                              : loaded 2 times (x 72B)
Class com.google.common.collect.ArrayListMultimapGwtSerializationDependencies         : loaded 2 times (x 173B)
Class com.google.common.collect.AbstractIndexedListIterator                           : loaded 2 times (x 98B)
Class com.google.common.collect.ImmutableMapEntrySet                                  : loaded 2 times (x 154B)
Class org.gradle.api.internal.classpath.Module                                        : loaded 2 times (x 72B)
Class com.google.common.cache.Weigher                                                 : loaded 2 times (x 72B)
Class kotlinx.coroutines.flow.Flow                                                    : loaded 2 times (x 72B)
Class org.gradle.api.internal.classpath.UnknownModuleException                        : loaded 2 times (x 84B)
Class com.google.common.base.Stopwatch                                                : loaded 2 times (x 74B)
Class com.google.common.cache.LocalCache$Strength                                     : loaded 2 times (x 83B)
Class com.google.common.cache.Cache                                                   : loaded 2 times (x 72B)
Class com.google.gson.stream.JsonReader$1                                             : loaded 2 times (x 74B)
Class jdk.internal.jimage.ImageHeader                                                 : loaded 2 times (x 73B)
Class com.google.common.util.concurrent.AbstractFuture$Cancellation                   : loaded 2 times (x 74B)
Class com.google.common.collect.ImmutableMap$Builder                                  : loaded 2 times (x 84B)
Class com.google.common.cache.RemovalListener                                         : loaded 2 times (x 72B)
Class org.gradle.api.internal.DefaultClassPathRegistry                                : loaded 2 times (x 78B)
Class com.google.common.primitives.IntsMethodsForWeb                                  : loaded 2 times (x 73B)
Class com.google.common.collect.Multimap                                              : loaded 2 times (x 72B)
Class org.gradle.internal.classpath.DefaultClassPath$ImmutableUniqueList              : loaded 2 times (x 201B)
Class org.gradle.api.internal.ClassPathRegistry                                       : loaded 2 times (x 72B)
Class jdk.internal.jimage.decompressor.ResourceDecompressor                           : loaded 2 times (x 72B)
Class [Lorg.objectweb.asm.Type;                                                       : loaded 2 times (x 71B)
Class com.google.common.collect.SingletonImmutableList                                : loaded 2 times (x 209B)
Class com.google.common.cache.CacheBuilder                                            : loaded 2 times (x 74B)
Class Settings_gradle$1                                                               : loaded 2 times (x 76B)
Class org.gradle.internal.classpath.ClassPath                                         : loaded 2 times (x 72B)
Class com.google.common.base.JdkPattern                                               : loaded 2 times (x 77B)
Class com.google.common.collect.ImmutableList$ReverseImmutableList                    : loaded 2 times (x 211B)
Class org.objectweb.asm.SymbolTable$Entry                                             : loaded 2 times (x 75B)
Class com.google.gson.internal.JsonReaderInternalAccess                               : loaded 2 times (x 74B)
Class org.gradle.api.internal.classpath.DefaultModuleRegistry$DefaultModuleAlias      : loaded 2 times (x 82B)
Class org.objectweb.asm.Edge                                                          : loaded 2 times (x 74B)
Class com.google.common.collect.Iterators$1                                           : loaded 2 times (x 83B)
Class com.google.common.base.Suppliers$SupplierOfInstance                             : loaded 2 times (x 81B)
Class jdk.internal.jimage.ImageStringsReader                                          : loaded 2 times (x 82B)
Class com.google.common.collect.SingletonImmutableSet                                 : loaded 2 times (x 148B)
Class com.google.common.cache.LocalCache$ComputingValueReference                      : loaded 2 times (x 98B)
Class com.google.common.collect.ImmutableMap$IteratorBasedImmutableMap                : loaded 2 times (x 128B)
Class com.google.common.cache.LocalCache$Segment                                      : loaded 2 times (x 155B)
Class kotlinx.coroutines.flow.MutableSharedFlow                                       : loaded 2 times (x 72B)
Class jdk.internal.jimage.ImageReader                                                 : loaded 2 times (x 77B)
Class com.google.common.collect.AbstractListMultimap                                  : loaded 2 times (x 173B)
Class [Lorg.objectweb.asm.SymbolTable$Entry;                                          : loaded 2 times (x 71B)
Class com.google.common.collect.Iterators$4                                           : loaded 2 times (x 84B)
Class com.google.common.cache.CacheLoader                                             : loaded 2 times (x 76B)
Class com.google.common.collect.ImmutableBiMap                                        : loaded 2 times (x 145B)
Class jdk.internal.jimage.ImageReader$SharedImageReader                               : loaded 2 times (x 97B)
Class ijJvmDebugger1_c69svupku1u04etejwkyjhig7$_run_closure1                          : loaded 2 times (x 140B)
Class org.gradle.api.internal.classpath.ModuleRegistry                                : loaded 2 times (x 72B)
Class org.gradle.internal.installation.GradleInstallation$1                           : loaded 2 times (x 77B)
Class com.google.common.collect.ImmutableSet$JdkBackedSetBuilderImpl                  : loaded 2 times (x 78B)
Class com.google.common.util.concurrent.internal.InternalFutureFailureAccess          : loaded 2 times (x 74B)
Class com.google.common.collect.Iterators$5                                           : loaded 2 times (x 84B)
Class jdk.internal.jimage.decompressor.ResourceDecompressorFactory                    : loaded 2 times (x 76B)
Class com.google.common.cache.LocalCache$LocalManualCache$1                           : loaded 2 times (x 77B)
Class com.google.common.base.CharMatcher$ForPredicate                                 : loaded 2 times (x 114B)
Class com.google.common.base.CharMatcher$AnyOf                                        : loaded 2 times (x 114B)
Class com.google.common.collect.ImmutableCollection                                   : loaded 2 times (x 127B)
Class jdk.internal.jimage.ImageReader$Node                                            : loaded 2 times (x 86B)
Class org.gradle.api.internal.classpath.DefaultModuleRegistry                         : loaded 2 times (x 86B)
Class com.google.common.collect.Lists                                                 : loaded 2 times (x 73B)
Class com.google.common.util.concurrent.ListenableFuture                              : loaded 2 times (x 72B)
Class com.google.common.cache.ReferenceEntry                                          : loaded 2 times (x 72B)
Class com.google.common.base.Converter                                                : loaded 2 times (x 92B)
Class com.google.common.collect.ImmutableSet$CachingAsList                            : loaded 2 times (x 150B)
Class jdk.internal.jimage.BasicImageReader$1                                          : loaded 2 times (x 79B)
Class com.google.common.collect.AbstractMapBasedMultimap                              : loaded 2 times (x 140B)
Class com.google.common.util.concurrent.AbstractFuture                                : loaded 2 times (x 108B)
Class com.google.common.collect.Iterators$9                                           : loaded 2 times (x 83B)
Class com.google.common.collect.ImmutableAsList                                       : loaded 2 times (x 211B)
Class com.google.common.base.FunctionalEquivalence                                    : loaded 2 times (x 85B)
Class com.google.gson.Strictness                                                      : loaded 2 times (x 81B)
Class org.objectweb.asm.RecordComponentVisitor                                        : loaded 2 times (x 79B)
Class com.google.common.cache.CacheLoader$SupplierToCacheLoader                       : loaded 2 times (x 77B)
Class com.google.common.collect.Maps$EntryTransformer                                 : loaded 2 times (x 72B)
Class jdk.internal.jimage.decompressor.Decompressor                                   : loaded 2 times (x 74B)
Class jdk.internal.jimage.ImageReader$Resource                                        : loaded 2 times (x 86B)
Class org.gradle.internal.service.ServiceLookupException                              : loaded 2 times (x 84B)
Class [Lcom.google.common.cache.LocalCache$EntryFactory;                              : loaded 2 times (x 71B)
Class jdk.internal.jrtfs.JrtFileAttributes                                            : loaded 2 times (x 85B)
Class org.gradle.internal.classloader.ClassLoaderFactory                              : loaded 2 times (x 72B)
Class com.google.common.base.CommonPattern                                            : loaded 2 times (x 76B)
Class [Lorg.jetbrains.kotlin.build.report.metrics.ValueType;                          : loaded 2 times (x 71B)
Class com.google.common.cache.LocalCache$LocalManualCache                             : loaded 2 times (x 101B)
Class com.google.common.base.CharMatcher$IsNot                                        : loaded 2 times (x 113B)
Class kotlinx.coroutines.flow.internal.FusibleFlow                                    : loaded 2 times (x 72B)
Class org.gradle.internal.service.CachingServiceLocator                               : loaded 2 times (x 84B)
Class com.google.common.collect.AbstractMapBasedMultimap$KeySet                       : loaded 2 times (x 139B)
Class com.google.common.math.IntMath                                                  : loaded 2 times (x 73B)
Class org.objectweb.asm.commons.InstructionAdapter                                    : loaded 2 times (x 190B)
Class com.google.common.collect.ImmutableMapEntry                                     : loaded 2 times (x 87B)
Class [Lorg.jetbrains.kotlin.build.report.metrics.BuildPerformanceMetric;             : loaded 2 times (x 71B)
Class com.google.common.base.Equivalence                                              : loaded 2 times (x 84B)
Class com.google.common.base.Function                                                 : loaded 2 times (x 72B)
Class com.google.common.collect.ImmutableMapEntry$NonTerminalImmutableMapEntry        : loaded 2 times (x 87B)
Class [Lorg.jetbrains.kotlin.cli.common.CompilerSystemProperties;                     : loaded 2 times (x 71B)
Class com.google.common.collect.RegularImmutableList                                  : loaded 2 times (x 215B)
Class com.google.common.cache.CacheBuilder$OneWeigher                                 : loaded 2 times (x 84B)
Class jdk.internal.jimage.ImageBufferCache                                            : loaded 2 times (x 73B)
Class jdk.internal.jrtfs.JrtPath                                                      : loaded 2 times (x 124B)
Class org.gradle.internal.classloader.ClasspathUtil                                   : loaded 2 times (x 73B)
Class com.google.common.util.concurrent.Uninterruptibles                              : loaded 2 times (x 73B)
Class com.google.common.util.concurrent.LazyLogger                                    : loaded 2 times (x 74B)
Class com.google.common.collect.Maps                                                  : loaded 2 times (x 73B)
Class org.gradle.api.specs.Spec                                                       : loaded 2 times (x 72B)
Class [Lcom.google.common.collect.ImmutableEntry;                                     : loaded 2 times (x 71B)
Class jdk.internal.jimage.ImageReader$SharedImageReader$LocationVisitor               : loaded 2 times (x 72B)
Class org.jetbrains.kotlin.build.report.metrics.BuildPerformanceMetric                : loaded 2 times (x 72B)
Class com.google.common.cache.LocalCache$LoadingValueReference                        : loaded 2 times (x 98B)
Class com.google.common.base.Platform                                                 : loaded 2 times (x 73B)
Class kotlinx.coroutines.internal.Symbol                                              : loaded 2 times (x 74B)
Class jdk.internal.jimage.decompressor.ResourceDecompressorRepository                 : loaded 2 times (x 73B)
Class [Lorg.objectweb.asm.AnnotationWriter;                                           : loaded 2 times (x 71B)
Class com.google.common.collect.Maps$8                                                : loaded 2 times (x 84B)
Class jdk.internal.jimage.ImageReader$Directory                                       : loaded 2 times (x 86B)
Class com.google.common.collect.Sets$SetView                                          : loaded 2 times (x 141B)
Class com.google.common.cache.LocalCache$StrongValueReference                         : loaded 2 times (x 92B)
Class org.objectweb.asm.Type                                                          : loaded 2 times (x 74B)
Class org.gradle.internal.classloader.VisitableURLClassLoader$InstrumentingVisitableURLClassLoader: loaded 2 times (x 124B)
Class com.google.common.math.IntMath$1                                                : loaded 2 times (x 73B)
Class org.objectweb.asm.ByteVector                                                    : loaded 2 times (x 81B)
Class [Lcom.google.common.cache.CacheBuilder$NullListener;                            : loaded 2 times (x 71B)
Class org.gradle.internal.classloader.VisitableURLClassLoader$Spec                    : loaded 2 times (x 76B)
Class org.gradle.internal.classpath.DefaultClassPath                                  : loaded 2 times (x 92B)
Class org.objectweb.asm.Symbol                                                        : loaded 2 times (x 75B)
Class jdk.internal.jimage.decompressor.ZipDecompressorFactory                         : loaded 2 times (x 76B)
Class com.google.common.base.CharMatcher$BitSetMatcher                                : loaded 2 times (x 114B)
Class [Lcom.google.gson.Strictness;                                                   : loaded 2 times (x 71B)
Class com.google.common.collect.RegularImmutableMap$Values                            : loaded 2 times (x 209B)
Class com.google.common.collect.ImmutableSet                                          : loaded 2 times (x 147B)
Class org.gradle.internal.classloader.ClassLoaderSpec                                 : loaded 2 times (x 73B)
Class org.objectweb.asm.AnnotationWriter                                              : loaded 2 times (x 80B)
Class com.google.common.cache.CacheStats                                              : loaded 2 times (x 73B)
Class ijJvmDebugger1_c69svupku1u04etejwkyjhig7$_run_closure1$_closure2                : loaded 2 times (x 141B)
Class org.objectweb.asm.RecordComponentWriter                                         : loaded 2 times (x 79B)
Class com.google.common.util.concurrent.AbstractFuture$Listener                       : loaded 2 times (x 74B)
Class com.google.common.base.CharMatcher$Or                                           : loaded 2 times (x 114B)
Class Settings_gradle$1$1                                                             : loaded 2 times (x 76B)
Class org.gradle.api.internal.classpath.Module$ModuleAlias                            : loaded 2 times (x 72B)
Class org.objectweb.asm.Attribute                                                     : loaded 2 times (x 79B)
Class com.google.common.base.Supplier                                                 : loaded 2 times (x 72B)
Class org.gradle.internal.classloader.VisitableURLClassLoader                         : loaded 2 times (x 118B)
Class kotlinx.coroutines.flow.FlowCollector                                           : loaded 2 times (x 72B)
Class Settings_gradle                                                                 : loaded 2 times (x 126B)
Class org.gradle.internal.Cast                                                        : loaded 2 times (x 73B)
Class org.gradle.api.Action                                                           : loaded 2 times (x 72B)
Class com.google.common.base.Strings                                                  : loaded 2 times (x 73B)
Class com.google.common.collect.Sets                                                  : loaded 2 times (x 73B)
Class org.objectweb.asm.Handler                                                       : loaded 2 times (x 74B)
Class com.google.common.base.Ticker                                                   : loaded 2 times (x 74B)
Class com.google.common.base.CharMatcher$FastMatcher                                  : loaded 2 times (x 113B)
Class jdk.internal.jimage.decompressor.ZipDecompressor                                : loaded 2 times (x 77B)
Class [Lcom.google.common.cache.LocalCache$Segment;                                   : loaded 2 times (x 71B)
Class [Lcom.google.common.cache.LocalCache$Strength;                                  : loaded 2 times (x 71B)
Class com.google.common.cache.CacheBuilder$1                                          : loaded 2 times (x 87B)
Class com.google.common.base.Predicate                                                : loaded 2 times (x 72B)
Class com.google.common.collect.ImmutableMap                                          : loaded 2 times (x 122B)
Class org.gradle.internal.classpath.DefaultClassPath$ImmutableUniqueList$Builder      : loaded 2 times (x 77B)
Class com.google.common.cache.LocalCache                                              : loaded 2 times (x 188B)
Class com.google.common.cache.CacheBuilder$2                                          : loaded 2 times (x 81B)
Class com.google.common.base.CharMatcher$NegatedFastMatcher                           : loaded 2 times (x 115B)
Class com.google.common.collect.ArrayListMultimap                                     : loaded 2 times (x 173B)
Class com.google.common.cache.CacheBuilder$3                                          : loaded 2 times (x 74B)
Class [Lcom.google.common.collect.AbstractMapEntry;                                   : loaded 2 times (x 71B)
Class com.google.common.collect.ImmutableEntry                                        : loaded 2 times (x 84B)
Class org.gradle.api.GradleException                                                  : loaded 2 times (x 84B)
Class com.google.common.collect.CollectPreconditions                                  : loaded 2 times (x 73B)
Class jdk.internal.jimage.ImageStrings                                                : loaded 2 times (x 72B)
Class com.google.common.collect.SortedMapDifference                                   : loaded 2 times (x 72B)
Class com.google.common.cache.LocalCache$EntryFactory                                 : loaded 2 times (x 85B)
Class com.google.common.cache.LocalCache$AbstractReferenceEntry                       : loaded 2 times (x 109B)
Class org.gradle.internal.IoActions                                                   : loaded 2 times (x 73B)
Class org.objectweb.asm.SymbolTable                                                   : loaded 2 times (x 74B)
Class com.google.common.collect.ImmutableSet$RegularSetBuilderImpl                    : loaded 2 times (x 78B)
Class com.google.common.cache.CacheLoader$InvalidCacheLoadException                   : loaded 2 times (x 84B)
Class com.google.common.cache.LocalCache$StrongEntry                                  : loaded 2 times (x 110B)
Class com.google.common.util.concurrent.AbstractFuture$TrustedFuture                  : loaded 2 times (x 116B)
Class com.google.common.cache.LoadingCache                                            : loaded 2 times (x 72B)
Class ijJvmDebugger1_c69svupku1u04etejwkyjhig7                                        : loaded 2 times (x 173B)
Class org.objectweb.asm.MethodWriter                                                  : loaded 2 times (x 107B)
Class [Lcom.google.common.cache.Weigher;                                              : loaded 2 times (x 71B)
Class com.google.common.collect.RegularImmutableMap$BucketOverflowException           : loaded 2 times (x 84B)
Class jdk.internal.jrtfs.JrtFileSystem                                                : loaded 2 times (x 104B)
Class org.jetbrains.kotlin.cli.common.CompilerSystemProperties$Companion              : loaded 2 times (x 73B)
Class jdk.internal.jimage.decompressor.CompressedResourceHeader                       : loaded 2 times (x 73B)
Class com.google.common.collect.RegularImmutableBiMap                                 : loaded 2 times (x 150B)
Class com.google.common.cache.LocalCache$ValueReference                               : loaded 2 times (x 72B)
Class com.google.common.base.CharMatcher$Is                                           : loaded 2 times (x 113B)
Class com.google.common.base.CharMatcher$Negated                                      : loaded 2 times (x 115B)
Class com.google.common.base.PatternCompiler                                          : loaded 2 times (x 72B)
Class com.google.common.util.concurrent.AbstractFuture$Failure                        : loaded 2 times (x 74B)
Class com.google.common.base.Equivalence$Equals                                       : loaded 2 times (x 84B)
Class com.google.common.collect.Hashing                                               : loaded 2 times (x 73B)
Class com.google.common.base.Preconditions                                            : loaded 2 times (x 73B)
Class com.google.common.base.Joiner$1                                                 : loaded 2 times (x 83B)
Class org.objectweb.asm.Label                                                         : loaded 2 times (x 75B)
Class org.objectweb.asm.CurrentFrame                                                  : loaded 2 times (x 75B)
Class org.objectweb.asm.ClassTooLargeException                                        : loaded 2 times (x 84B)
Class com.google.common.collect.PeekingIterator                                       : loaded 2 times (x 72B)
Class com.google.common.base.CharMatcher                                              : loaded 2 times (x 113B)
Class com.google.gson.stream.JsonReader                                               : loaded 2 times (x 99B)
Class com.google.common.base.Joiner$2                                                 : loaded 2 times (x 82B)
Class org.objectweb.asm.Frame                                                         : loaded 2 times (x 75B)
Class org.objectweb.asm.MethodVisitor                                                 : loaded 2 times (x 107B)
Class com.google.common.cache.LocalCache$EntryFactory$1                               : loaded 2 times (x 85B)
Class [Lcom.google.common.cache.RemovalListener;                                      : loaded 2 times (x 71B)
Class com.google.common.base.CharMatcher$1                                            : loaded 2 times (x 115B)
Class com.google.common.base.CharMatcher$NamedFastMatcher                             : loaded 2 times (x 114B)
Class kotlinx.coroutines.flow.SharedFlow                                              : loaded 2 times (x 72B)
Class com.google.common.cache.LocalCache$EntryFactory$2                               : loaded 2 times (x 85B)
Class org.objectweb.asm.ModuleWriter                                                  : loaded 2 times (x 83B)
Class com.google.common.cache.LocalCache$EntryFactory$3                               : loaded 2 times (x 85B)
Class com.google.common.base.Ticker$1                                                 : loaded 2 times (x 74B)
Class com.google.common.collect.Maps$BiMapConverter                                   : loaded 2 times (x 92B)
Class com.google.common.collect.ImmutableMapEntrySet$RegularEntrySet                  : loaded 2 times (x 154B)
Class com.google.common.collect.ImmutableSet$Builder                                  : loaded 2 times (x 87B)
Class com.google.common.cache.LocalCache$EntryFactory$4                               : loaded 2 times (x 85B)
Class com.google.common.base.CharMatcher$InRange                                      : loaded 2 times (x 113B)
Class com.google.common.cache.LocalCache$EntryFactory$5                               : loaded 2 times (x 85B)
Class com.google.common.base.Equivalence$Identity                                     : loaded 2 times (x 84B)
Class com.google.common.cache.LocalCache$EntryFactory$6                               : loaded 2 times (x 85B)
Class org.gradle.internal.installation.CurrentGradleInstallationLocator               : loaded 2 times (x 73B)
Class com.google.common.collect.Maps$KeySet                                           : loaded 2 times (x 139B)
Class com.google.common.collect.ImmutableSet$EmptySetBuilderImpl                      : loaded 2 times (x 78B)
Class com.google.common.cache.LocalCache$EntryFactory$7                               : loaded 2 times (x 85B)
Class com.google.common.collect.ImmutableList                                         : loaded 2 times (x 208B)
Class org.gradle.internal.service.DefaultServiceLocator                               : loaded 2 times (x 85B)
Class org.jetbrains.kotlin.util.capitalizeDecapitalize.CapitalizeDecapitalizeKt       : loaded 2 times (x 73B)
Class com.google.common.collect.ImmutableSet$SetBuilderImpl                           : loaded 2 times (x 78B)
Class com.google.common.cache.LocalCache$EntryFactory$8                               : loaded 2 times (x 85B)
Class jdk.internal.jrtfs.JrtDirectoryStream                                           : loaded 2 times (x 91B)
Class org.gradle.internal.installation.CurrentGradleInstallation                      : loaded 2 times (x 75B)
Class com.google.common.collect.ImmutableList$SubList                                 : loaded 2 times (x 211B)
Class com.google.common.cache.CacheLoader$1                                           : loaded 2 times (x 77B)
Class org.gradle.util.internal.GUtil                                                  : loaded 2 times (x 73B)
Class com.google.common.cache.AbstractCache$StatsCounter                              : loaded 2 times (x 72B)
Class com.google.common.collect.Iterators$MergingIterator                             : loaded 2 times (x 83B)
Class com.google.common.collect.RegularImmutableSet                                   : loaded 2 times (x 150B)
Class ijKotlinCoroutineJvmDebugInit1_262pooy281xcr6kpmp34hbceh$_run_closure1$_closure2: loaded 2 times (x 140B)
Class org.gradle.internal.installation.GradleInstallation                             : loaded 2 times (x 77B)
Class com.google.common.collect.Iterables                                             : loaded 2 times (x 73B)
Class jdk.internal.jimage.decompressor.ResourceDecompressor$StringsProvider           : loaded 2 times (x 72B)
Class ijKotlinCoroutineJvmDebugInit1_262pooy281xcr6kpmp34hbceh                        : loaded 2 times (x 173B)

---------------  S Y S T E M  ---------------

OS:
 Windows 11 , 64 bit Build 26100 (10.0.26100.8521)
OS uptime: 0 days 1:07 hours
Hyper-V role detected

CPU: total 12 (initial active 12) (6 cores per cpu, 2 threads per core) family 6 model 186 stepping 3 microcode 0x6134, cx8, cmov, fxsr, ht, mmx, 3dnowpref, sse, sse2, sse3, ssse3, sse4.1, sse4.2, popcnt, lzcnt, tsc, tscinvbit, avx, avx2, aes, erms, clmul, bmi1, bmi2, adx, sha, fma, vzeroupper, clflush, clflushopt, clwb, hv, serialize, rdtscp, rdpid, fsrm, gfni, f16c, cet_ibt, cet_ss
Processor Information for processor 0
  Max Mhz: 1600, Current Mhz: 1600, Mhz Limit: 1600
Processor Information for processor 1
  Max Mhz: 1600, Current Mhz: 1600, Mhz Limit: 1600
Processor Information for processor 2
  Max Mhz: 1600, Current Mhz: 1600, Mhz Limit: 1600
Processor Information for processor 3
  Max Mhz: 1600, Current Mhz: 1600, Mhz Limit: 1600
Processor Information for processor 4
  Max Mhz: 1600, Current Mhz: 1466, Mhz Limit: 1600
Processor Information for processor 5
  Max Mhz: 1600, Current Mhz: 1466, Mhz Limit: 1600
Processor Information for processor 6
  Max Mhz: 1600, Current Mhz: 1466, Mhz Limit: 1600
Processor Information for processor 7
  Max Mhz: 1600, Current Mhz: 1466, Mhz Limit: 1600
Processor Information for processor 8
  Max Mhz: 1600, Current Mhz: 1600, Mhz Limit: 1600
Processor Information for processor 9
  Max Mhz: 1600, Current Mhz: 1466, Mhz Limit: 1600
Processor Information for processor 10
  Max Mhz: 1600, Current Mhz: 1466, Mhz Limit: 1600
Processor Information for processor 11
  Max Mhz: 1600, Current Mhz: 1466, Mhz Limit: 1600

Memory: 4k page, system-wide physical 16016M (1132M free)
TotalPageFile size 16016M (AvailPageFile size 84M)
current process WorkingSet (physical memory assigned to process): 922M, peak: 925M
current process commit charge ("private bytes"): 950M, peak: 962M

vm_info: OpenJDK 64-Bit Server VM (25.0.2+-15348964-b329.117) for windows-amd64 JRE (25.0.2+-15348964-b329.117), built on 2026-05-05T18:25:19Z with MS VC++ 16.10 / 16.11 (VS2019)

END.
